ID,Product Name,Purchase Price (KES)
54,"1659 Classic Red",0.00
55,"1659 Sauvignon Blanc",1350.00
56,"1659 Sweet Red",0.00
57,"1659 Sweet Rose",0.00
58,"1792 Small Batch Whisky",0.00
59,"1857 Grape juice red",0.00
60,"1857 Grape juice white",0.00
61,"19 Crimes Cabernet Sauvignon",0.00
62,"254 Amberseli 330ml",0.00
63,"254 Samburu Saison",0.00
64,"4th Street Red",0.00
65,"4th Street Red.",0.00
66,"4th Street Rose`",0.00
67,"4th Street White 5L",3300.00
68,"4th Street White Sweet",0.00
69,"58 Classic Gin",0.00
70,"58 Gin & Tonic Spiced Orange 330ml",0.00
71,"58 Gin & Tonic The Classic 330ml",0.00
72,"58 Gin & Tonic Very Berry",0.00
73,"7 Hills Natural Sweet White 750ml.",0.00
74,"7 Hills Sweet Red 750ml",0.00
75,"88 Vineyard's Cabernet Sauvignon",0.00
76,"88 Vineyard's Merlot",0.00
77,"8PM Fire Liqueur",0.00
78,"8PM Honey",0.00
79,"8PM Indian Whisky",0.00
80,"AG Forty Seven Malbec Shiraz Wine",0.00
81,"Aberfeldy 12 Years",0.00
82,"Aberfeldy 18 Years",0.00
83,"Aberfeldy 21 Years",0.00
84,"Aberlour 10 Years",0.00
85,"Aberlour 12 Years",0.00
86,"Aberlour 18 Years",0.00
87,"Absolut Citron",0.00
88,"Absolut Elyx",0.00
89,"Absolut Kurant",0.00
90,"Absolut Mandrin",0.00
91,"Absolut Raspberri",0.00
92,"Absolut Vanilla",0.00
93,"Absolut Vodka",0.00
94,"Absolut Watkins",0.00
95,"Absolute Apeach",0.00
96,"Absolute Oak",0.00
97,"Absolute Pears",0.00
98,"Absolute Pepper",0.00
99,"Absolute Unique",0.00
100,"Absolute mango",0.00
101,"Ace Of Spades Champagne",0.00
102,"Adelberg",0.00
103,"Adelberg Sauvignon Blanc",0.00
104,"Afri Bull Cafe Rum",0.00
105,"Africa Five Wine",0.00
106,"African Secret Marula Cream Liqueur",0.00
107,"Agavita Anejo",0.00
108,"Agavita Blanco",0.00
109,"Agnes Arber Pineapple Gin",0.00
110,"Agnes Arber Premium Gin",0.00
111,"Agnes Arber Rhubarb",0.00
112,"Akashi Red Whisky",0.00
113,"Akashi White Oak",0.00
114,"Akso Aloe Grapes",0.00
115,"Akso Apple Ice",0.00
116,"Akso Energy Drink",0.00
117,"Akso Grape Ice",0.00
118,"Akso Mango Ice",0.00
119,"Akso Melon Ice",0.00
120,"Akso Strawberry Ice",0.00
121,"Akso Strawberry pitaya",0.00
122,"Al Capone Cigar",0.00
123,"Alamos Cabernet Sauvignon",0.00
124,"Alamos Chardonnay",1200.00
125,"Alamos Malbec",1800.00
126,"Alandra Dry Red",0.00
127,"Alandra White",0.00
128,"Alkkemist Gin",0.00
129,"All Seasons Whiskey",0.00
130,"Alma Mora Malbec",0.00
131,"Alma Mora Pinot Grigio",0.00
132,"Alma Mora Shiraz",0.00
133,"Alpaca Cabernet Sauvignon",0.00
134,"Alpaca Sauvignon Blanc 75cl",0.00
135,"Alpatagua Reserva Chardonnay",0.00
136,"Alpatagua Reserva Malbec",0.00
137,"Alpatagua Reserva Merlot",0.00
138,"Altar Wine (Tanzania)",0.00
139,"Altar wine",1300.00
140,"Ama la Vida",0.00
141,"Ama la Vida white",0.00
1,"Amani Bay Dry Rose",1800.00
2,"Amani Bay Fresh White",1800.00
3,"Amani Bay Natural Sweet Red",1800.00
4,"Amani Bay Natural Sweet Rose",1800.00
142,"Amani Bay Natural Sweet White",0.00
143,"Amani Bay Smooth Red",0.00
144,"Amarula Cream Liqueur",0.00
145,"Amarula Gold",0.00
146,"Amarula Raspberry Chocolate",0.00
147,"Amarula Vanilla Spice Cream",0.00
148,"American Honey Whiskey Liqueur",0.00
149,"Amsterdam Vodka",0.00
150,"Angelo Pinot Grigio 750ml",0.00
151,"Angostura 3 Years Old Reserve",0.00
152,"Angostura 5 Years Old Superior Gold",0.00
153,"Angostura Bitters",0.00
154,"Angostura Caribbean Rum 1824",0.00
155,"Angostura Caribbean Rum 1919",0.00
156,"Anthon Berg Chocolate",0.00
157,"Antidote London Dry Gin",0.00
158,"Antidote Mediterean  Pink Gin",0.00
159,"Apaltagua Rose Carmenere",0.00
160,"Aquamist sparkling water",0.00
161,"Arcadia red wine",0.00
162,"Argento Cabernet Sauvignon",0.00
163,"Argento Malbec Red",0.00
164,"Argento Rose",0.00
165,"Argento shiraz red",0.00
166,"Arniston Bay Sauvignon Blanc 750ml",0.00
167,"Arniston Bay Shiraz 750ml",0.00
168,"Artesano Organic Malbec",0.00
169,"Arthur Metz Crémant Rose",0.00
170,"Arthur Metz Crémant d'Alsace",0.00
171,"Asconi Kiss Me Now",1000.00
172,"Asconi Moscato",1200.00
173,"Asconi Moscato Rose",0.00
174,"Asconi Pastoral",1500.00
175,"Asconi Prestige Red Semi Sweet Wine",0.00
176,"Asconi Prestige Rose Semi Sweet Wine",0.00
177,"Asconi Prestige White Semi Sweet",0.00
178,"Asconi Red Semi Sweet",0.00
179,"Atilius Prestigio Chianti Reserva",0.00
180,"Atilius Ribelle Cabernet Sauvignon",0.00
181,"Atlas 12",0.00
182,"Atlas 16",0.00
183,"Atlas Ultra Strong 14",0.00
184,"Auchentoshan 18 Years",0.00
185,"Auchentoshan American Oak",0.00
186,"Australian Bush Chardonnay",2000.00
187,"Australian Bush Shiraz Cabernet",0.00
188,"Aviation Gin",0.00
189,"Avondale La Luna",0.00
190,"Azul Gold Tequila",0.00
191,"Azul Reposado Tequila",28000.00
192,"B & G Chateau Magnol Haut-Medoc",0.00
193,"B & G Cuvee Special Blanc",0.00
194,"B & G Cuvee Special Rose",0.00
195,"B & G Cuvee Special Rouge",0.00
196,"Bacardi 8 Years",0.00
197,"Bacardi Black",0.00
198,"Bacardi Breezer Lime",0.00
199,"Bacardi Breezer Peach",0.00
200,"Bacardi Breezer Pineapple",0.00
201,"Bacardi Breezer Watermelon",0.00
202,"Bacardi Carta Blanca",0.00
203,"Bacardi Gold",0.00
204,"Bacardi Limon rum",0.00
205,"Bacardi Mojito",0.00
206,"Bacardi Oakheart [New Bacardi spiced]",0.00
207,"Bacardi spiced Rum",0.00
208,"Bahari Rum",0.00
209,"Bailey's Expresso creme",0.00
210,"Bailey's Red Velvet",0.00
211,"Bailey's vanilla cinnamon",0.00
212,"Bailey`s Cream",0.00
213,"Bailey`s Delight",0.00
214,"Baileys Luxury Fudge Chocolate",0.00
215,"Baileys Salted Caramel",0.00
216,"Balance Sweet  Red",0.00
217,"Balance Sweet  White",0.00
218,"Balkan 176 Vodka",0.00
219,"Ballantine`s",0.00
220,"Ballantine`s 12 Years",0.00
221,"Ballantine`s 17 Years",0.00
222,"Ballantine`s 21 Years",0.00
223,"Ballantines Light",0.00
224,"Balozi Can",0.00
225,"Balvenie 12 Years Doublewood",0.00
226,"Balvenie 14 years Caribbean Cask",0.00
227,"Balvenie 16 Years Triple Cask",0.00
228,"Bardinet Curacao Liqueur",0.00
229,"Bardinet Triple Sec Liqueur",0.00
230,"Bardinet VSOP Brandy",0.00
231,"Barefoot Merlot",0.00
232,"Baron D'Arignac",0.00
233,"Baron D'arignac Brut",0.00
234,"Baron Gran Malbec r&r",0.00
235,"Baron Maxime Colombard",0.00
236,"Baron Maxime Malbec",0.00
5,"Baron Maxime Rose",4500.00
237,"Baron Philippe De Rothschild Cabernet Sauvignon",0.00
238,"Baron Philippe De Rothschild Merlot",0.00
239,"Baron Philippe De Rothschild Pinot Noir",0.00
6,"Baron Philippe De Rothschild Syrah",2500.00
240,"Basil Haydens Whiskey",0.00
241,"Bateleur Chez Guerrilla Imperial Stout",0.00
242,"Bateleur Dire Straits Pilsen",0.00
243,"Bateleur Dirty Hairy Copper Ale",0.00
244,"Bateleur Honey Badger Blonde",0.00
245,"Bateleur Mantis Session Ale",0.00
246,"Bavaria 0.0 Apple Beer",0.00
247,"Bavaria 0.0 Ginger Lime",0.00
248,"Bavaria 0.0 Mango  Passion",0.00
249,"Bavaria 0.0% Original",0.00
250,"Bavaria Black",0.00
251,"Bavaria Original 8.6%",0.00
252,"Bayab Gin",0.00
253,"Bayou Reserve Rum",0.00
254,"Beach House Chardonnay",0.00
255,"Beach House Rose",0.00
256,"Beach House Sunset Shiraz",0.00
257,"Beast Mode Energy Drink",0.00
258,"Beast Vape 3000 Puffs",0.00
259,"Beast Vape Cool Mint",0.00
260,"Beast Vape Mango Ice",0.00
261,"Beast vapes Strawberry",0.00
262,"Beefeater Blood Orange",0.00
263,"Beefeater Clear Gin",0.00
264,"Beefeater Pink Gin",0.00
265,"Belaire Bleu",4200.00
266,"Belaire Brut",0.00
267,"Belaire Gold",4000.00
268,"Belaire Gold Fantome",0.00
269,"Belaire Luxe",0.00
270,"Belaire Luxe Fantome",0.00
271,"Belaire Luxe Rose Fantome",0.00
272,"Belaire Rose Fantome",0.00
273,"Belaire Rose`",0.00
274,"Bellingham Pinotage",0.00
275,"Bellingham Sauvignon Blanc",0.00
276,"Bells Whisky",0.00
277,"Beluga Celebration",0.00
278,"Beluga Gold",0.00
279,"Beluga Noble Silver",0.00
7,"Beluga Noble Vodka",6000.00
280,"Beluga Transatlantic Racing",0.00
281,"Belvedere Bloody Mary 70cl",0.00
282,"Belvedere Citron",0.00
283,"Belvedere Heritage 176",0.00
284,"Belvedere Lake Bartezek",0.00
285,"Belvedere Pink Grapefruit",0.00
286,"Belvedere Smogory Forest",0.00
287,"Belvedere Vodka",0.00
288,"Benchmark Old No.8",0.00
289,"Berkeley Square Gin",0.00
290,"Berry Bush Rose",0.00
291,"Bertani Soave Vintage",0.00
292,"Bertani Valpolicella Ripasso",0.00
293,"Best Whisky",0.00
294,"Bianco Nobile",1100.00
295,"Bila Shaka Chez Guerrilla-Imperial Stout",0.00
296,"Bila Shaka Dirty Hairy-Copper Ale",0.00
297,"Bila Shaka Fruity Fly-Mango IPA",0.00
298,"Bila Shaka IPA",0.00
299,"Bila Shaka Jua Kali-Hopped Lager",0.00
300,"Billionaire Vodka",0.00
301,"Birds and bees",0.00
302,"Birds and bees white",1300.00
303,"Biscut Cognac VS",0.00
304,"Biscut XO",0.00
305,"Bitola Red wine",0.00
306,"Bitola White wine",0.00
307,"Black Bird Sweet Ros'e 750ml",0.00
308,"Black Bird White 750ml",0.00
309,"Black Tower",0.00
310,"Black and White Whiskey",0.00
311,"Blackbird wine",0.00
312,"Blacklabel 750ml Giftpack",0.00
313,"Bleu d'Argent Gin",0.00
314,"Bloedlemoen Amber",0.00
8,"Bloedlemoen Gin",3700.00
315,"Bloom Jasmine & Rose Gin",0.00
316,"Bloom London Dry Gin",0.00
317,"Blue Giant Nicotine Pouches",0.00
318,"Blue Nun 24k Gold Edition",0.00
319,"Blue Prosecco Secco",0.00
320,"Bobby's Schiedam Dry Gin",0.00
321,"Boland Cellar Rose`",0.00
322,"Bols Banana",0.00
323,"Bols Blue Curacao",0.00
324,"Bols Cacao Brown",0.00
325,"Bols Elderflower",0.00
326,"Bols Peppermint Green Liqueur",0.00
327,"Bols Peppermint White",0.00
328,"Bols Sour Apple",0.00
329,"Bols Strawberry",0.00
330,"Bols Triple Sec",0.00
331,"Bols Vanilla",0.00
332,"Bols Vodka",0.00
333,"Bombay Bramble",0.00
334,"Bombay Dry Gin",0.00
335,"Bombay Sapphire",0.00
336,"Bombay Sapphire East",0.00
337,"Bombay Sapphire Sunset",0.00
338,"Bondamat Ancellota Puianello Red",0.00
339,"Bongani Cigar",0.00
340,"Boschendal 1685 Boschen Blanc",0.00
341,"Boschendal 1685 Cabernet Sauvignon",0.00
342,"Boschendal 1685 Chenin Blanc",0.00
343,"Boschendal 1685 Merlot",0.00
344,"Boschendal 1685 Sauvignon Grand Cuvee",0.00
345,"Boschendal 1685 Shiraz",0.00
346,"Boschendal Blanc De Noir",0.00
347,"Boschendal Brut Rose",0.00
348,"Boschendal Chardonnay Pinot Noir",0.00
349,"Boschendal Lanoy Cabernet Merlot",0.00
350,"Boschendal Pavillion Shiraz Rose",0.00
351,"Bottega Bacur Gin",0.00
352,"Bottega Gold",0.00
353,"Bottega Rose Gold",2400.00
354,"Bottega White Gold",0.00
355,"Botter Prosecco Wine",0.00
356,"Brancott Estate Sauvignon Blanc",0.00
357,"Brancott Letter Series Sauvignon Blanc",0.00
358,"Brigadier Limon",0.00
359,"Brockmans Premium Gin",0.00
360,"Broker's  Gin",0.00
361,"Broker's Pink Gin",0.00
362,"Brooklyn Gin",0.00
363,"Bruce Jack Ros'e Sauvignon Blush 750ml.",0.00
364,"Buchanan's 18 Years Special Reserve",0.00
365,"Buchanan's Master Whisky",0.00
366,"Buchanan's Two Souls Whisky",0.00
367,"Buckfast Tonic Wine",0.00
368,"Budweiser Beer 355ml",0.00
369,"Budweiser Beer Can",0.00
370,"Bufalov French Wheat Sugar Free Vodka",0.00
371,"Buffalo Trace",0.00
372,"Buitenverwachting Buitenblanc",0.00
373,"Bulldog Gin",3300.00
374,"Bulleit Bourbon 700ml",0.00
375,"Bulleit Bourbon Rye",0.00
376,"Bullet Vodka Mixed Can",0.00
377,"Bumbu Cream Liqueur",0.00
378,"Bumbu Rum",5200.00
379,"Bumbu XO Rum",0.00
380,"Bunnahbhain 12 Years",0.00
381,"Bushmills 10 years whisky",0.00
382,"Bushmills 16 years whisky",0.00
383,"Bushmills Black Bush",0.00
384,"Bushmills Steamship",0.00
385,"Bushmills whisky",0.00
386,"Butlers Blue Curacao",0.00
387,"Butlers Crème De Banana",0.00
388,"Butlers Espresso",0.00
389,"Butlers Ginger",0.00
390,"Butlers Strawberry",0.00
391,"Butlers Triple Sec",0.00
9,"Butlers peppermint",2200.00
392,"Butterfly Ridge cabernet merlot",0.00
393,"Butterfly Ridge colombard chardonnay",0.00
394,"Calm Cool Mint",0.00
395,"Calm Lemon Nicotine Pouches",0.00
396,"Calm Mango Nicotine Pouch",0.00
397,"Calm Nicotine Raspberry",0.00
398,"Calm Spearmint Nicotine Pouches",0.00
399,"Calvet Alsace Pinot Blanc",0.00
400,"Calvet Beaujolais Villages Rouge",0.00
401,"Calvet Bordeaux Bio",0.00
402,"Calvet Bordeaux Moelleux",0.00
403,"Calvet Bourgogne Chardonnay",0.00
404,"Calvet Bourgogne Pinot Noir",0.00
405,"Calvet Cahors Malbec",0.00
10,"Calvet Celebration Sparkling Brut-Rose",2500.00
406,"Calvet Celebration Sparkling Brut-White",0.00
407,"Calvet Chateauneuf Du Pape",0.00
408,"Calvet Crémant Bordeaux Brut Rose",0.00
409,"Calvet Grande Reserve Bordeaux Superieur",0.00
410,"Calvet Ice Chardonnay Demi Sec",0.00
411,"Calvet Provence Rose",0.00
412,"Calvet Reserve Bordeaux Sauvignon Blanc",0.00
413,"Calvet Rose D'Anjou",0.00
414,"Calvet Sancerre Blanc",0.00
415,"Calvet Varietals Chardonnay",0.00
416,"Calvet Varietals Syrah",0.00
417,"Camino Gold",2000.00
418,"Camino Tequila Silver",0.00
419,"Campari",0.00
420,"Campari Negroni",0.00
421,"Camus Borderies",0.00
422,"Camus VS",0.00
423,"Camus VSOP",0.00
424,"Camus XO",0.00
425,"Canadian Club",0.00
426,"Canadian Club 12 Years",0.00
427,"Cantalici Baruffo Chianti Classico",0.00
428,"Cantalici Baruffo Chianti Riserva",0.00
429,"Cantalici Baruffo Vin Santo",0.00
430,"Cantalici Chianti Classico Ridolfo",0.00
431,"Cantalici Petali Rose",0.00
432,"Cantalici Tangano Toscana",0.00
433,"Canti Pinot Grigio",0.00
434,"Canti Prosecco Rose Extra Dry",0.00
435,"Canti Prosecco wine",0.00
436,"Cantina Brunello DI Montalcino",0.00
437,"Caol Ila",0.00
438,"Caol Ila Moch",0.00
439,"Cape Mentelle Sauv. Blanc Semillon",0.00
440,"Capitan Bila Shaka",0.00
441,"Captain Black Spiced Rum",0.00
442,"Captain Morgan Applesmash",0.00
443,"Captain Morgan Black",0.00
444,"Captain Morgan Gold",0.00
445,"Captain Morgan Spiced Gold",0.00
446,"Captain Morgan Tiki",0.00
447,"Captain Morgan White Rum",0.00
448,"Cardhu 12 Years",0.00
449,"Caribia Cane",0.00
450,"Carlo Rossi",0.00
451,"Carlo Rossi",0.00
452,"Carlo Rossi California Red",0.00
453,"Carlo Rossi California White",0.00
454,"Carlo Rossi Rose 1.5l",1200.00
455,"Carlsberg",0.00
456,"Carmela sparkling wine",0.00
457,"Carpano Bianco Vermouth",0.00
458,"Casa Bottega Cabernet Sauvignon Trevenezie 750ml.",0.00
459,"Casa Buena Red Sweet",0.00
460,"Casal Mendes Blue",0.00
461,"Casal Mendes Rose",0.00
462,"Casal Mendes Sanghria",0.00
463,"Casamigos Anejo Tequila",0.00
464,"Casamigos Blanco",0.00
11,"Casamigos Mezcal",15000.00
465,"Casamigos Reposado",14000.00
466,"Casillero Del Diablo Cab Sauv",0.00
467,"Casillero Del Diablo Chardonnay",0.00
468,"Casillero Del Diablo Pinot Noir",0.00
469,"Casillero Del Diablo Red Blend",0.00
470,"Casillero Del Diablo Sauvignon Blanc",0.00
471,"Castillo Varez Cabernet Sauvignon",0.00
472,"Castle Lite",0.00
473,"Castle Lite Can",0.00
474,"Castle Milk Stout",0.00
475,"Catena Cabernet Sauvignon",0.00
476,"Catena Chardonnay",0.00
12,"Cederberg Cabernet Sauvignon",0.00
13,"Cederberg Chenin Blanc",0.00
477,"Cederberg Merlot Shiraz",0.00
14,"Cederberg Sauvignon Blanc",0.00
15,"Cederberg Shiraz",0.00
478,"Cellar Cask Red",0.00
479,"Cellar Cask Red 750ml",1000.00
480,"Cellar Cask White",0.00
481,"Cellar Cask White",0.00
482,"Celsius Vodka",0.00
483,"Cesari Bardolino Classico",0.00
484,"Cesari Il Basco Amarone Valpolicella",0.00
485,"Cesari Pinot Grigio Delle Venezie",0.00
486,"Cesari Valpolicella Classico",0.00
487,"Ch Valac Cuvee Special White wine",0.00
488,"Ch Valac Semi Sweet",0.00
489,"Chalk hill blue shiraz cabernet",0.00
490,"Chamdor Red Wine",0.00
491,"Chamdor White Wine",0.00
16,"Chateau Belles Eaux Languedoc Les Coteaux Blanc",0.00
492,"Chateau Belles Eaux Languedoc Les Coteaux Rose",0.00
17,"Chateau Belles Eaux Languedoc Les Coteaux Rouge",0.00
493,"Chita Suntory Whisky",0.00
494,"Chivas 25 Years",0.00
495,"Chivas Regal 12 Years",0.00
496,"Chivas Regal 18 Years",0.00
497,"Chivas Regal 4.5L",0.00
498,"Chivas Regal Extra",0.00
499,"Chivas Regal Ultis",0.00
500,"Chivas Royal Salute 21 yrs",0.00
501,"Chivas Royal Salute Diamond Tribute",0.00
502,"Choco Secco White wine",0.00
503,"Choco Toffee Red wine",0.00
504,"Chupa Chup Drinks",0.00
505,"Cicero Brandy",0.00
506,"Cinzano Bianco",0.00
507,"Cinzano Rosso",520.00
508,"Ciroc Coconut",0.00
509,"Ciroc Pineapple",0.00
510,"Ciroc Red Berry",0.00
511,"Ciroc Vodka",0.00
512,"Ciroc Vodka 1.75Litres",0.00
513,"Ciroc Vodka Summer Watermelon",0.00
514,"Citrum Gin",0.00
515,"Clan Macgregor",0.00
516,"Clase Azul Plata Tequila",0.00
518,"Classic Raw Rolling Paper",0.00
517,"Classic Raw Rolling Paper",0.00
519,"Claymore Scotch Whisky",0.00
520,"Clew Nicotine Pouches",0.00
521,"Cliff Hanger black IPA beer",0.00
522,"Cloudy Bay Sauvignon Blanc",0.00
523,"Clynelish Reserve Game of Thrones",0.00
524,"Clynelish Reserve Single Malt",0.00
525,"Coca Cola Can",0.00
526,"Coca Cola Original",0.00
527,"Cockburn's 10 Years",0.00
528,"Cockburn's Fine Ruby",0.00
529,"Cockburn's Fine Tawny",0.00
530,"Cockburn's Late Bottle Vintage (LBV)",0.00
531,"Cockburn's Special Reserve",0.00
532,"Cockburn's Vintage Port",0.00
533,"Cointreau 1litre",0.00
534,"Cointreau Blood Orange",0.00
535,"Cointreau Whisky Chocolate",0.00
536,"Colombian Aged White Gin",0.00
537,"Cono Sur 20 Barrels Cabernet Sauvignon",0.00
538,"Cono Sur 20 Barrels Chardonnay",0.00
539,"Cono Sur 20 Barrels Sauvignon Blanc",0.00
540,"Cono Sur 20 Barrels Syrah",0.00
541,"Cono Sur Bicicleta Cabernet Sauvignon",0.00
542,"Cono Sur Bicicleta Chardonnay",0.00
543,"Cono Sur Bicicleta Merlot",0.00
544,"Cono Sur Bicicleta Pinot Noir",0.00
545,"Cono Sur Bicicleta Sauvignon Blanc",0.00
546,"Cono Sur Organico Chardonnay",0.00
547,"Cono Sur Organico Sauvignon Blanc",0.00
548,"Cono Sur Reserva Especial Cabernet Sauvignon",0.00
549,"Cono Sur Reserva Especial Chardonnay",0.00
550,"Cono Sur Reserva Especial Merlot",0.00
551,"Cono Sur Reserva Especial Pinot Noir",0.00
552,"Cono Sur Reserva Especial Sauvignon Blanc",0.00
553,"Contessa Dark Rum",0.00
554,"Contessa White Rum",0.00
555,"Coolberg Cranberry Beer 0.0",0.00
556,"Coolberg Ginger Beer 0.0",0.00
557,"Coolberg Malt 0.0 Beer",0.00
558,"Coolberg Mint 0.0 Beer",0.00
559,"Coolberg Peach 0.0 Beer",0.00
560,"Coolberg Strawberry 0.0 Beer",0.00
561,"Copper Dog Whisky",0.00
562,"Corona Extra Beer",0.00
563,"Corralejo Tequila Anejo",0.00
564,"Corralejo Tequila Blanco",0.00
565,"Corralejo Tequila Reposado",0.00
566,"Courvoisier VS",0.00
567,"Courvoisier VSOP",0.00
568,"Courvoisier XO",15000.00
569,"Cragganmore 12 Years",0.00
570,"Crema Nobile Al Cioccolata",0.00
571,"Crown Royal Whisky",0.00
572,"Crystal Head Alexander Series",0.00
573,"Crystal Head Aurora Vodka",0.00
574,"Crystal Head Bone Edition",0.00
575,"Crystal Head Onyx Vodka",0.00
576,"Crystal Head Pride Edition",0.00
577,"Crystal Head Pride Vodka",0.00
578,"Crystal Head Vodka Jeroboam",0.00
579,"Crystal Head Vodka Year Of The dragon",0.00
580,"Crystal gin",0.00
581,"Cubical Kiss Gin",0.00
582,"Cuerpo Gold Rum Liqueur",0.00
583,"Cuerpo Raspberry",0.00
584,"Cuerpo White Rum Liqueur",0.00
585,"Curado Blanco Cocido",0.00
586,"Curado Blanco Cupreata",0.00
587,"Curado Espadin",0.00
588,"Curonia Beer 16%",0.00
589,"DE LUZE",0.00
590,"Dalmore 12 Years",0.00
591,"Dalmore 12 years whisky",0.00
592,"Dalmore 15 Years",0.00
593,"Dalmore 18 Years",0.00
594,"Dalmore Cigar Malt Whisky",0.00
595,"Dalmore Port Wood Reserve",0.00
596,"Dalmore Valour",0.00
597,"Dalwhinnie 15 years",0.00
598,"Dalwhinnie 15 years 1 litre",0.00
599,"Dalwhinnie Malt Winters Gold",0.00
600,"Danzka Citrus Vodka",0.00
601,"Danzka Vodka",0.00
602,"Dasani Water",0.00
603,"De Grendel Ros'e 750ml",0.00
604,"De Grendel Rose",0.00
605,"De Grendel Rubaiyat",0.00
606,"De Luze VS Cognac",0.00
607,"Delaire Graff Summercourt  Chardonnay",0.00
608,"Delibori Bardolino Chiaretto Classico Rose",0.00
609,"Delibori Bardolino Red",0.00
610,"Delibori Cerbiolo Rosso Veronese",0.00
611,"Delibori Chardonnay Trevenezie",0.00
612,"Delibori Prosecco Extra Dry",0.00
613,"Delibori Soave",0.00
614,"Delibori Valpolicella Ripasso",0.00
615,"Delibori Vino Bianco Da Tavola",0.00
616,"Delmonte Mango",0.00
617,"Delmonte Mixed Berry",0.00
618,"Delmonte Orange",0.00
619,"Delmonte Passion",0.00
620,"Delmonte Tropical",0.00
621,"Delmonte pineapple",0.00
622,"Delush Sparkling Rose",0.00
18,"Delush Sweet Red",0.00
623,"Delush Sweet Rose",0.00
19,"Delush Sweet White",0.00
624,"Desperados",0.00
625,"Dewar Whisky 12years",0.00
626,"Dewar's 15 years whisky",0.00
627,"Dewar's 18 years whisky",0.00
628,"Dewar's Founder's Reserve 18 Years",0.00
629,"Dewars White Label",0.00
630,"Diemersdal Chardonnay",0.00
631,"Diemersdal Pinotage",0.00
632,"Diemersdal Sauvignon Blanc",0.00
633,"Dile Bianco",0.00
634,"Dile Blue Moscato",0.00
635,"Dile Rosso Red",0.00
636,"Dimple 15 years whisky",0.00
637,"Diplomatico Reserva Exclusiva Rum",0.00
638,"Disaronno",0.00
639,"Dom Perignon Brut",0.00
640,"Dom Perignon Rose",0.00
641,"Domaine Bousquet Gia Red",0.00
642,"Domaine Bousquet Malbec",0.00
643,"Don Fernando Maduro",0.00
644,"Don Julio 1942",0.00
20,"Don Julio 70",0.00
645,"Don Julio Anejo",0.00
646,"Don Julio Blanco",6000.00
647,"Don Julio Double Cask Lagavulin Finish",0.00
648,"Don Julio Reposado",7600.00
649,"Don Montego VSOP",0.00
650,"Don Santiago Sweet Red Wine",0.00
651,"Don Santiago White Wine",0.00
652,"Don Simon Dry Red Wine",0.00
653,"Don papa Rum",0.00
654,"Douglas Green Cabernet Sauvignon",0.00
655,"Douglas Green Chardonnay",1100.00
656,"Douglas Green Sunkissed wine",0.00
657,"Dragon's Back Mountain Sweet Red wine",0.00
658,"Dragons Back Mountain Sweet White",0.00
659,"Drambuie",0.00
660,"Drostdhof Claret Select 5Litres",0.00
661,"Drostdhof Red 750ml",0.00
662,"Drostdhof White wine",0.00
663,"Drostdy Hof Rose",0.00
664,"Drostdy hof Premier Grand Cru",0.00
665,"Drostdy-Hof Red 3litres",0.00
666,"Dubonnet Rouge",0.00
667,"Duchessalia Asti Secco",0.00
668,"Dulzino Rose`",0.00
669,"Dunhill Double Switch",465.00
670,"Dunhill Lights",0.00
671,"Dunhill Switch",0.00
672,"Durbanville Hills Blanc De Blancs",0.00
673,"Durbanville Hills Cabernet Sauvignon",0.00
674,"Durbanville Hills Chardonnay",0.00
675,"Durbanville Hills Merlot",0.00
676,"Durbanville Hills Merlot Rhinofld",0.00
677,"Durbanville Hills Merlot Rose",0.00
678,"Durbanville Hills Pinotage",0.00
679,"Durbanville Hills Sauvignon Blanc",0.00
680,"Durbanville Hills Shiraz",0.00
681,"Durbanville Hills Sparkling Sauvignon Blanc",0.00
682,"Durex Condoms Extra Safe",0.00
683,"Durex Condoms Feel Ultra Thin",0.00
684,"Durex Fetherlite condoms",0.00
685,"Durex Performa Condoms",0.00
686,"Durex Pleasure Me",0.00
687,"Durex Select Flavour Condoms",0.00
688,"Dusse VSOP Cognac",0.00
689,"EH Taylor Small Batch",0.00
690,"Edinburgh Original Gin",0.00
691,"Edinburgh Pomegranate & Rose Gin",0.00
692,"Edinburgh Raspberry Gin",0.00
693,"Edinburgh Rhubarb Ginger",0.00
694,"Efrat Massoret red wine",0.00
695,"Efrat Shiraz",1350.00
696,"El Charro Gold",0.00
697,"El Charro Silver",0.00
698,"El Chivo Cabernet Sauvignon",0.00
699,"El Chivo Merlot",0.00
700,"El Chivo Sauvignon Blanc",0.00
701,"El Esteco Atimus",0.00
702,"El Esteco Don David Reserve Chardonnay",0.00
703,"El Esteco Don David Reserve Malbec",0.00
704,"El Esteco Malbec",0.00
705,"El Jimador Anejo Tequila",0.00
706,"El Jimador Blanco Tequila",0.00
707,"El Jimador Reposado Tequila",0.00
708,"Elchivo Medium Sweet White",0.00
709,"Electio Sauvignon Blanc 750ml.",0.00
710,"Elf Bar Vape",0.00
711,"Elite Vodka",5000.00
712,"Embassy King",0.00
713,"Embassy Lights",480.00
714,"Emperador Brandy",0.00
715,"Enrico Serafino Barbaresco",0.00
716,"Ernie Els Big Easy Merlot",0.00
717,"Ernie Els Big Easy Red Blend",0.00
718,"Ernie Els Cabernet Sauvignon Rose",0.00
719,"Ernie Els Chenin Blanc",0.00
720,"Ernie Els Major Series Cabernet Sauvignon",0.00
721,"Ernie Els Signature Red",0.00
722,"Espolon Blanco Tequila",0.00
723,"Espolon Reposado Tequila",0.00
724,"Estancia Malbec Rose",0.00
725,"Evans Williams Single Barrels",0.00
726,"Everclear 190 Proof",0.00
727,"Expression Brut Premium Sparkling  750ml.",0.00
728,"Expression Mimosa Premium Sparkling 750ml.",0.00
729,"Expression Mojito Premium Sparkling 750ml.",0.00
730,"Expression Moscato Gold Premium Sparkling 750ml.",0.00
731,"Expression Premium Sparkling Pink Ros'e 750ml.",0.00
732,"Expression Sweet Red Wine 750ml.",0.00
733,"Expression Sweet Ros'e 750ml",0.00
734,"Fabulous Ant Pinot Noir",0.00
735,"Famous Grouse",0.00
736,"Famous Grouse 4.5litres",0.00
737,"Famous Grouse Smoky Black",0.00
738,"Famous Grouse Toasted Cask",0.00
739,"Famous grouse bourbon cask",0.00
740,"Fanta Orange",0.00
741,"Fanta Orange 500ml",0.00
742,"Fanta-black-currant",0.00
743,"Fattori Amarone Della Valpolicella",0.00
744,"Fattori Amarone Valpolicella Riserva",0.00
745,"Fattori Classicco Ronca 36",0.00
746,"Fattori Classicco Ronca 60",0.00
747,"Fattori Col de la Bastia Valpolicella Superiore",0.00
748,"Fattori Danieli Soave",0.00
749,"Fattori Lessini Durello",0.00
750,"Fattori Motto Piane Soave",0.00
751,"Fattori Pinot Grigio Valparadiso",0.00
752,"Fattori Runcaris Soave",0.00
753,"Fattori Sauvignon Vecchie Scuole",0.00
754,"Favourite Son Cabernet Malbec",0.00
755,"Faxe 10% Extra",0.00
756,"Fernet Branca",0.00
757,"Ferrero Rocher Chocolate",0.00
758,"Ferrero Rocher Chocolates",0.00
759,"Finca Flichman Misterio Chardonnay",0.00
760,"Finca Flichman Roble Cabernet Sauvignon",0.00
761,"Finca Flichman Roble Malbec",0.00
762,"Finca Flichman Roble Shiraz",0.00
763,"Finca Las Morras Barrel Select Chardonnay",0.00
764,"Finca Las Morras Barrel Select Malbec",0.00
765,"Finca Las Morras Barrel Select Syrah",0.00
766,"Finca Las Morras Cabernet Sauvignon",0.00
767,"Finca Las Morras Chardonnay",0.00
768,"Finca Las Morras Malbec",0.00
769,"Finca Las Morras Sauvignon Blanco",0.00
770,"Finca Las Morras Shiraz",0.00
771,"Finca Las Morras Shiraz Rose",0.00
772,"Finca Las Morras Viognier",0.00
773,"Finery Amber Elderflower",0.00
774,"Finery Cucumber Gin",0.00
775,"Finery Grapefruit Infused Gin",0.00
776,"Fireball Cinnamon Whisky",0.00
777,"Firewater Cinnamon whiskey",0.00
21,"First Sighting Sauvignon Blanc",0.00
22,"First Sighting Shiraz",0.00
778,"Fitch & Leedes Classic Ginger Beer",0.00
779,"Fitch & Leedes Classic Lime Twist",0.00
780,"Fitch & Leedes Classic Passionade",0.00
781,"Fitch & Leedes Club Soda",0.00
782,"Fitch & Leedes Ginger Ale",0.00
783,"Fitch & Leedes Grapefruit Tonic",0.00
784,"Fitch & Leedes Indian Tonic",0.00
785,"Fitch & Leedes Indian Tonic Sugar Free",0.00
786,"Fitch & Leedes Lemonade",0.00
787,"Fitch & Leedes Moments Pink G&T",0.00
788,"Fitch & Leedes Moments Shirley Temple",0.00
789,"Fitch & Leedes Pink Tonic",0.00
790,"Fitch & Leedes Pink Tonic Sugar Free",0.00
791,"Fitch & leedes Bitter lemon",0.00
792,"Fitch & leedes blue tonic",0.00
793,"Fitch Leedes Cheeky Cranberry",0.00
794,"Fleur du Cap Chenin",0.00
795,"Fleur du Cap Merlot",0.00
796,"Fleur du Cap Sauvignon Blanc",0.00
797,"Fleurs de Prairie Provence Rose",0.00
798,"Fleurs de Prairie Sparkling Brut-Rose",0.00
799,"Fleurs de Prairie Sparkling Brut-White",0.00
800,"Flirt Vodka Green Apple",1100.00
801,"Flirt Vodka Strawberry",0.00
802,"Flirt Vodka Unflavoured",0.00
23,"Fonseca 10yr Old Tawny",0.00
24,"Fonseca 20yr Old",0.00
803,"Fonseca Ruby Port",0.00
804,"Fonseca Tawny Port",0.00
25,"Fonseca Unfiltered LBV",0.00
805,"Fonseca White Port",0.00
806,"Footprint Cabernet Sauvignon",0.00
807,"Footprint Chardonnay",0.00
808,"Footprint Chenin Blanc Semilion",0.00
809,"Footprint Merlot",0.00
810,"Footprint Merlot Pinotage",0.00
811,"Footprint Pinotage Rose",0.00
812,"Footprint Sauvignon Blanc",0.00
813,"Four Cousin`s Dry Red",0.00
814,"Four Cousin`s Rose",0.00
815,"Four Cousin`s Rose 3litre`",0.00
816,"Four Cousin`s Sweet Red",0.00
817,"Four Cousin`s Sweet Red",0.00
818,"Four Cousin`s White 750ml",0.00
819,"Four Cousin`s White wine",0.00
820,"Four Cousins Strawberry Cream Liqueur 500ml.",0.00
821,"Four Cousins Sweet White 5L",0.00
822,"Four Pillars Bloody Shiraz",0.00
823,"Four Pillars Chardonnay Barrel",0.00
824,"Four Pillars Navy Strength 58.8",0.00
825,"Four Pillars Rare Dry",0.00
826,"Four Pillars Sherry Cask",0.00
827,"Four Pillars Spiced Negroni",0.00
828,"Four cousins red 750ml",900.00
829,"Fragolino Bianco",0.00
830,"Fragolino DuchesaLia",0.00
831,"Fragolino Duchessalia Red",0.00
832,"Fragolino Duschessalia Rose`",0.00
833,"Fragolino Rosso",0.00
834,"Fragolino Rosso Bottega",0.00
835,"Frangelico Hazelnut Liqueur",0.00
836,"Franschhoek Cellar Brut Rose",0.00
837,"Franschhoek Cellar Brut Royale",0.00
838,"Franschhoek Cellar Cabernet Sauvignon",0.00
839,"Franschhoek Cellar Chenin Blanc",0.00
840,"Franschhoek Cellar Club House Rose",0.00
841,"Franschhoek Cellar Merlot",0.00
842,"Franschhoek Cellar Pinotage",0.00
843,"Franschhoek Cellar Sauvignon Blanc",0.00
844,"Franschhoek Cellar Shiraz",0.00
845,"Frontera 3litres Cabernet Sauvignon",0.00
846,"Frontera After Midnight",0.00
847,"Frontera Cabernet Blush",0.00
848,"Frontera Cabernet Sauvignon",0.00
849,"Frontera Cabernet Sauvignon 750ml",0.00
850,"Frontera Chardonnay",0.00
851,"Frontera Merlot",0.00
852,"Frontera Moscato",0.00
853,"Frontera Rose",0.00
854,"Frontera Sauvignon Blanc",0.00
855,"Frontera Sweet Rose",0.00
856,"Frontera late harvest",800.00
857,"Fruit Fly Mango IPA",0.00
858,"Fynbos Gin",0.00
859,"GH Mumm",5500.00
860,"Gallo Family sweet apple wine",0.00
861,"Gamla Riesling",0.00
862,"Garant Extreme",0.00
863,"Garant Nicotine Pouches",0.00
864,"Gato Negro Cabernet Merlot",0.00
865,"Gato Negro Cabernet Sauvignon",0.00
866,"Gato Negro Cabernet Sauvignon",0.00
867,"Gato Negro Chardonnay",0.00
868,"Gato Negro Merlot",0.00
869,"Gato Negro Sauvignon Blanc",0.00
870,"Gato Negro Semi Sweet",0.00
871,"Gautier XO Gold & Blue Cognac",0.00
872,"Gentleman Jack Whisky",0.00
873,"George Dickel No 8",0.00
874,"Gibson Blood Orange",800.00
875,"Gibson's Gin",0.00
876,"Gibson's Pink Gin",0.00
877,"Gilbey's Gin",0.00
878,"Gilbey`s Gin 1Litre",0.00
879,"Gilbey`s Gin Apple",0.00
880,"Gilbeys Berry",0.00
881,"Gilbeys pink",0.00
882,"Gilda Blanc De Blanc",0.00
883,"Gilda Gran Cuvee",0.00
884,"Gin & Tonic Chocolates",0.00
885,"Gin MG",1600.00
886,"Gin Mare",0.00
887,"Gin Society Original Gin",0.00
888,"Gin Society Pink",3500.00
889,"Gin society Blood Orange Gin",0.00
890,"Ginato Limonato Flavoured Gin",0.00
891,"Ginebra San Miguel Gin",0.00
892,"Ginraw Gin",0.00
893,"Glen Deveron 28 Years Whisky",0.00
894,"Glen Deveron 30 Years Whisky",0.00
895,"Glendale Whisky",2500.00
896,"Glenfiddich 12 Years",0.00
897,"Glenfiddich 15 Years",0.00
898,"Glenfiddich 18 Years",0.00
899,"Glenfiddich 18 Years Old Scotch Whiskey",0.00
900,"Glenfiddich 21 Years",0.00
901,"Glenfiddich 26 Years",0.00
902,"Glenfiddich 30 years whisky",0.00
903,"Glenfiddich Fire & Cane",0.00
904,"Glenfiddich Grand Couronne",95000.00
905,"Glenfiddich Project XX whisky Gift Box",13500.00
906,"Glenfiddich Reserve Cask",8500.00
907,"Glenfiddich Triple Oak 12 Years",6500.00
908,"Glengrant",2500.00
909,"Glenkinchie 12 Years",7800.00
910,"Glenlivet 12 Years",7300.00
911,"Glenlivet 13 Years Cask Strength",7200.00
912,"Glenlivet 15 Years",0.00
913,"Glenlivet 18 Years",0.00
914,"Glenlivet 18 Years 1litre",0.00
915,"Glenlivet 21 Years",0.00
916,"Glenlivet 25 Years",0.00
917,"Glenlivet Captain Reserve",0.00
918,"Glenlivet Caribbean Reserve",0.00
919,"Glenlivet Founder`s Reserve",0.00
920,"Glenlivet Nadurra Peated",0.00
921,"Glenlivet White Oak Triple Cask Reserve",0.00
922,"Glenmorangie 10 Year Old",0.00
923,"Glenmorangie 18 Years",0.00
924,"Glenmorangie Grand Vintage Malt 1996",0.00
26,"Glenmorangie Nectar D`or Whisky",0.00
925,"Glenmorangie Quinta Ruban",0.00
926,"Glenmorangie Signet",8000.00
927,"Glenmorangie The Accord 12 Years",0.00
928,"Glenmorangie The Elementa 14 Years",0.00
929,"Glenmorangie The Lasanta Whisky",0.00
930,"Glenmorangie The Tribute 16 Years",0.00
931,"Glenmorangie X Whisky",0.00
932,"Glenmoray 12 Years",0.00
933,"Glenrothes",0.00
934,"Glenrothes John Ramsey",0.00
935,"Glensilver 12 Years",0.00
936,"Glensilver 8 Years",0.00
937,"Glensilver Blended Scotch",0.00
938,"Goat Nicotine Pouch",0.00
939,"Godet XO",0.00
940,"Gofrut Lemon Mint Mojito",0.00
941,"Gold Nicotine Pouches",0.00
942,"Gold Seal Beer",0.00
943,"Golden Grain 190",0.00
944,"Golden Rump beer",0.00
945,"Gordon's Mediterranean Orange Gin",0.00
946,"Gordon's Pink Gin",0.00
947,"Gordon's Pink Gin &Tonic",0.00
948,"Gordon's Preminum Dry & Tonic",0.00
949,"Gordon's Sicilian Lemon",0.00
950,"Gordon's Special Dry Gin",0.00
951,"Gordon`s Gin",0.00
952,"Grace O Malley",0.00
953,"Graham Beck Bliss Nectar Ros'e chardonnay pinot noir 750ml",0.00
954,"Graham Beck Brut",0.00
955,"Graham's 10 Years Tawny Port",0.00
956,"Graham's 20 Year Old Tawny Port wine",0.00
957,"Graham's 40 Year Old Tawny Port wine",0.00
958,"Graham's Fine Ruby Port Wine",0.00
959,"Graham's Fine Tawny Wine",0.00
960,"Graham's Late Vintage Port wine",0.00
961,"Gran Castillo Medium Sweet Red",1206.90
962,"Gran Castillo Red Blend",0.00
963,"Gran Castillo Tempranillo Ros'e 75cl.",0.00
964,"Gran Mirador Dark Blend",1300.00
965,"Gran Mirador Red Blend",1200.00
966,"Gran Patron Burdeos",0.00
967,"Gran Verano Cabernet Sauvignon",0.00
968,"Gran Verano Merlot",0.00
969,"Gran Verano Sauvignon Blanc",0.00
970,"Grand Marnier",0.00
971,"Grand Marnier Nuit Parisienne",0.00
972,"Grand Marnier Raspberry Peach",0.00
973,"Grand Renom Chateau Bordeaux",0.00
974,"Grand Sud Merlot Red",0.00
975,"Grande Absente",0.00
976,"Grant`s",0.00
977,"Grants 12 Years Triplewood",0.00
978,"Grants 25 Years",0.00
979,"Greenall's Blueberry Gin",0.00
980,"Greenall's London Dry Gin",0.00
981,"Greenall's Wild Berry Pink Gin",0.00
982,"Greenalls Blood Orange & Fig",0.00
983,"Grenadine Syrup",0.00
984,"Grey Goose",0.00
985,"Grey Goose Vx",13000.00
986,"Greywacke Chardonnay",0.00
987,"Greywacke Pinot Gris",0.00
988,"Greywacke Sauvignon Blanc",0.00
989,"Groot Constantia Cabernet Sauvignon",0.00
27,"Groot Constantia Gouveneurs Reserve",0.00
990,"Groot Constantia Pinotage",0.00
991,"Groot Constantia Rood",0.00
992,"Groot Constantia Rose",0.00
993,"Groot Constantia Sauvignon Blanc",0.00
994,"Groot Costantia Shiraz",0.00
995,"Guardian Peak Cabernet Sauvignon",0.00
996,"Guardian Peak Shiraz 750ml.",0.00
997,"Guiness Smooth 330ml",0.00
998,"Guiness can",0.00
999,"Guinness Hop house beer",0.00
1000,"Guinness smooth can",0.00
1001,"Gunpowder Irish Gin",0.00
1002,"Haku Vodka",0.00
1003,"Hakushu Distillers Reserve",0.00
1004,"Hampton Dram",1350.00
1005,"Hapsburg Absinthe Cassis X.C",0.00
1006,"Hapsburg Absinthe Vodka",0.00
1007,"Hart Mint Nicotine pouches",0.00
1008,"Hart Vape Blueberry Razz Ice",0.00
1009,"Hart Vape Cola 3500 puffs",0.00
1010,"Hart Vape Grape Ice 3500 puffs",0.00
1011,"Hart Vape Ice Appletini 3500 puffs",0.00
1012,"Hart Vape Manhattan Mint 3500 puffs",0.00
1013,"Hart Vape Peach Ice 3500 puffs",0.00
1014,"Hart Vape Pineapple Ice 3500 puffs",0.00
1015,"Hart Vape Spritz 3500",0.00
1016,"Hart Vape Strawberry Cosmo 3500 puffs",0.00
1017,"Hart Vape Watermelon Ice 3500 puffs",0.00
1018,"Harveys Bristol Cream Solera Sherry",0.00
1019,"Hayman`s Gin",0.00
1020,"Heineken 330ml bottle",150.00
1021,"Heineken Lager  500ml Can",0.00
1022,"Heineken Zero",0.00
1023,"Hendrick's Gin",0.00
1024,"Hendricks Amazonia",0.00
1025,"Hendricks Midsummer Solstice",0.00
1026,"Hendricks Orbium",0.00
1027,"Hendricks Tea Time",0.00
1028,"Henkel Troken Rose",0.00
1029,"Hennessy Black",0.00
1030,"Hennessy James Cognac",0.00
1031,"Hennessy Master Blender's Selection No.4",0.00
1032,"Hennessy Paradis",0.00
1033,"Hennessy Pure White",0.00
1034,"Hennessy VS",0.00
1035,"Hennessy VSOP",0.00
1036,"Hennessy XO",37000.00
1037,"Henri IV Dudognon Heritage Cognac Grade Champagne",0.00
1038,"Heritage De-luze Rose",0.00
1039,"Herradura Anejo Tequila",0.00
1040,"Herradura Plata Tequila",0.00
1041,"Herradura Reposado Tequila",0.00
1042,"Hibiki Suntory",25000.00
1043,"High Commissioner Whisky",0.00
1044,"Highland Park 10 Years Viking Scars",0.00
1045,"Highland Park 12 Years",0.00
1046,"Highland Park 14 Year Old Loyalty Of The Wolf",0.00
1047,"Highland Park 18 Years Old Viking Pride",0.00
1048,"Highland Park Eagle 16 years",0.00
1049,"Highland Park Spirit of The Bear",0.00
1050,"Highland Park Valfather",0.00
1051,"Hike Premium Beer",0.00
1052,"Hine Rare VSOP",0.00
1053,"Hlibny Dar Vodka",0.00
1054,"Hombo iwai Premium whisky",0.00
1055,"Hombo iwai Tradition Premium whisky",0.00
1056,"Hombo iwai Tradition whisky",0.00
1057,"Hopsmith Lager Gluten Free",0.00
1058,"Howling Owl",0.00
1059,"Hugo Seccolina Rose",0.00
1060,"Hunter`s Cider",0.00
1061,"Hunter`s Gold Cider",0.00
1062,"Imperial Blue Whiskey",0.00
1063,"Independence Blended",0.00
1064,"Indian Tonic Water",0.00
1065,"Inverroche Classic Gin",0.00
1066,"Inverroche Gin Amber",0.00
1067,"Inverroche Verdant Gin",0.00
1068,"Iqos Illuma Kit",0.00
1069,"Irish Whiskey Chocolate",0.00
28,"Isabella Islay Whisky",0.00
1070,"Itinera Prosecco",0.00
1071,"J&B 15 Years",0.00
1072,"J&B Honey",0.00
1073,"J&B Jet 12 Years",0.00
1074,"JP Azeitao",0.00
1075,"JP Azeitao Red",0.00
1076,"JP Chenet Cabernet Syrah",1021.00
1077,"JP Chenet Colombard Sauvignon",0.00
1078,"JP Chenet Fashion Apple",0.00
1079,"JP Chenet Fashion Pineapple",0.00
1080,"JP Chenet French Brandy XO",0.00
1081,"JP Chenet Ice Edition Rose",0.00
1082,"JP Chenet Ice Edition White",0.00
1083,"JP Chenet Medium Sweet White",0.00
1084,"Jack Daniel 700ml Corkless",0.00
1085,"Jack Daniel's Apple Tonic Beer",0.00
1086,"Jack Daniel's Fire",0.00
1087,"Jack Daniel's Honey",0.00
1088,"Jack Daniel's Honey Lemonade",0.00
1089,"Jack Daniel's Legacy No.7",0.00
1090,"Jack Daniel's Master Distillers Series",0.00
1091,"Jack Daniel's Sinatra",0.00
1092,"Jack Daniel's Single Barrel",0.00
1093,"Jack Daniel's Tennessee Apple",0.00
1094,"Jack Daniel's Whiskey",0.00
1095,"Jack Daniels Cola Can",0.00
1096,"Jack Daniels No.27 Gold",0.00
1097,"Jack Daniels Rye",0.00
1098,"Jacob's Creek  Rose",0.00
1099,"Jacob's Creek Merlot",0.00
1100,"Jacob's creek Moscato wine",0.00
1101,"Jacob's creek pinot noir",0.00
1102,"Jacob's creek shiraz cabernet",0.00
1103,"Jagermeister",0.00
1104,"Jagermeister 750ml",2000.00
1105,"Jaisalmer Indian Craft Gin",0.00
1106,"Jameson Black Barrel",0.00
1107,"Jameson Blender`s Dog",0.00
1108,"Jameson Caskmates",0.00
1109,"Jameson Crested",0.00
1110,"Jameson Gold",0.00
1111,"Jameson Orange",0.00
1112,"Jameson Whisky",0.00
1113,"Jameson Whisky 4.5litres",0.00
1114,"Jim Beam",0.00
1115,"Jim Beam Black Extra Aged",0.00
1116,"Jim Beam Double Oak",0.00
1117,"Jim Beam Honey",0.00
1118,"Jim Beam Single Barrel",0.00
1119,"Jim Beam Tripple aged",0.00
1120,"Jinro 24 Soju",0.00
1121,"Jinro Soju Apple Vodka",0.00
1122,"Jinro Soju Grapefruit",0.00
1123,"Jinro Soju Green Grape Vodka",0.00
1124,"Jinro Soju Peach",0.00
1125,"Jinro Soju Plum Vodka",0.00
1126,"Jinro Soju Strawberry Vodka",0.00
1127,"JnB Rare",0.00
1128,"John Bannermans red seal whisky",0.00
1129,"John Barr Black",0.00
1130,"John Barr Red",0.00
1131,"Johnnie Walker 18 Years",0.00
1132,"Johnnie Walker A song of Ice",0.00
1133,"Johnnie Walker Black Label",0.00
1134,"Johnnie Walker Black Lowlands",0.00
1135,"Johnnie Walker Blonde",0.00
1136,"Johnnie Walker Blue Label",0.00
1137,"Johnnie Walker Double Black",0.00
1138,"Johnnie Walker Explorers Club Collection The Spice Road",0.00
1139,"Johnnie Walker Gold Label",0.00
1140,"Johnnie Walker Gold Reserve Bullion",0.00
1141,"Johnnie Walker Green Label",0.00
1142,"Johnnie Walker Odyssey",0.00
1143,"Johnnie Walker Platinum Label",4000.00
1144,"Johnnie Walker Red label",0.00
1145,"Johnnie Walker Select Cask",0.00
1146,"Johnnie Walker Songs of Fire",0.00
1147,"Johnnie Walker Swing",0.00
1148,"Johnnie Walker Ultimate 18 Years",0.00
1149,"Johnnie Walker XR",0.00
1150,"Jonnie Walker Private Collection Whisky",0.00
1151,"Jose Cuervo Gold",0.00
1152,"Jose Cuervo Reserva De La Familia Extra Anejo",0.00
1153,"Jose Cuervo Reserva De La Familia Platino",15999.00
1154,"Jose Cuervo Silver",2995.00
1155,"Jp Chenet Brut",2100.00
1156,"Jp Chenet Merlot",1800.00
1157,"Jp Chenet Sauvignon Blanc",1800.00
1158,"Juicy Steak Malbec",0.00
1159,"Jumping Goat Vodka Liqueur",0.00
1160,"Jumping Goat Whisky Liqueur",0.00
1161,"Jura 12 Years Old",0.00
1162,"Jura 16 Years Whisky",0.00
1163,"Jura 21 Years Tide",0.00
1164,"Jura Seven Wood Whisky",0.00
1165,"Jura Superstition",0.00
1166,"Jura The Loch whisky",0.00
1167,"Jura The Road",5600.00
1168,"Jura The Sound",0.00
1169,"Jura Two-One Two whisky",0.00
1170,"Jura Whisky 10 Years",0.00
1171,"Jura journey malt whisky",0.00
1172,"Jägermeister Charakter Scharf",0.00
1173,"Jägermeister-manifest",0.00
1174,"K Vant Gin 750ml",0.00
1175,"K.O - Lime & Ginger",0.00
1176,"K.O 58  Spiced Orange Gin",0.00
1177,"K.O Beer - Mango and Ginger",0.00
1178,"K.O Beer - Pineapple & Mint",0.00
1179,"K.O Chilli and Turmeric Tonic Water",0.00
1180,"K.O Classic Gin",0.00
1181,"K.O Hibiscus & lime ice tea",0.00
1182,"K.O Hibiscus and lime",0.00
1183,"K.O Honey and Lemon",0.00
1184,"K.O Light Tonic",0.00
1185,"K.O Passion & Lime",0.00
1186,"K.O Pink Tonic Rose & Cucumber",0.00
1187,"K.O Tambuzi Gin",0.00
1188,"K.O passion Fruit American ice tea",0.00
1189,"KAH Blanco",5500.00
1190,"KGB vodka",0.00
1191,"KO Blush Premium Rose and Cucumber Gin 750ml",0.00
1192,"KWV Brandy 10 years",0.00
1193,"KWV Brandy Superior Brandy 5 Years 750ml.",0.00
1194,"KWV Cape Ruby Wine",0.00
1195,"KWV Cape Tawny wine",0.00
1196,"KWV Chardonnay",0.00
1197,"KWV Cruxland Gin",0.00
1198,"KWV Merlot",1250.00
1199,"KWV Pinotage",0.00
1200,"KWV Sauvignon Blanc",2200.00
1201,"KWV Shiraz",1250.00
1202,"KWV XO",0.00
1203,"KWV brandy 12 years",0.00
1204,"Kafie 1901 Robusto  Cigar",0.00
1205,"Kafie 1901 San Andres",0.00
1206,"Kafie 1901 Sumatra",0.00
1207,"Kafie Churchill Cigars",0.00
1208,"Kafie Connectcut",0.00
1209,"Kah Anejo",0.00
1210,"Kah Reposado",0.00
1211,"Kahawa Africa Gold",0.00
1212,"Kahlua",2600.00
1213,"Kamiki Blended malt whisky",5925.00
1214,"Kamiki Intense Wood",0.00
1215,"Kamiki Sakura Wood Blend",0.00
1216,"Kanonkop  Kadette Cabernet Sauvignon",0.00
1217,"Kanonkop Kadette Cape Blend",0.00
1218,"Kanonkop Kadette Pinotage",3584.00
1219,"Karibrew beer",0.00
1220,"Karlu Karlu Chardonnay Semilion",0.00
1221,"Karlu Karlu Shiraz Cabernet",0.00
1222,"Kawashima Ginjo Sake",0.00
1223,"Kawashima Junmai Shu Sake",0.00
1224,"Kenforester Petit Cabernet Sauvignon",0.00
1225,"Kensington Gin",0.00
1226,"Kenwood Cabernet Sauvignon",0.00
1227,"Kenya Cane Lemon and Ginger",0.00
1228,"Kenya Cane Smooth",0.00
1229,"Keringet Sparkling Water",0.00
1230,"Keringet Still Water",0.00
1231,"Ketel One",2000.00
1232,"Ketel One Citroen",0.00
1233,"Kia Ora Sauvignon Blanc",0.00
1234,"Kiekko Nicotine Pouches",630.00
1235,"King George V",0.00
1236,"Kinross Citric Dry Gin",0.00
1237,"Kinross Pink Gin",0.00
1238,"Kinross Tropical Exotic Gin",0.00
1239,"Kinross Wild Berry Gin",0.00
1240,"Kleine Rust Chenin Blanc Sauv Blanc",0.00
1241,"Kleine Rust Pinotage Shiraz",0.00
1242,"Knob Creek",0.00
1243,"Konyagi 750ml",700.00
1244,"Krest",0.00
1245,"Kura Awamori 3 Years",0.00
1246,"Kura Pure Malt",0.00
1247,"Kura Rum Cask Finish",0.00
1248,"Kurayoshi 12 Years",0.00
1249,"Kurayoshi 8 Years Pure Malt",0.00
1250,"Kurayoshi Matsui Sherry Cask Dom",0.00
1251,"Kurayoshi Pure Malt",0.00
1252,"Kurayoshi Sherry Cask",0.00
1253,"L'Avenir Sauvignon Blanc",0.00
1254,"L'Avenir Stellenbosch Red",0.00
1255,"L'agrimas De Maria 75cl.",0.00
1256,"La Fiole Cotes Du Rhone Red",0.00
1257,"La Fiole Cotes Du Rhone Reserve Red",0.00
1258,"La Fiole Cotes Du Rhone Rose",0.00
1259,"La Motte Merlot",0.00
1260,"La Tilica Anejo",0.00
1261,"La Tilica Reposado",0.00
1262,"La Unica Red",0.00
1263,"Lagavulin 12 years",0.00
1264,"Lagavulin 16 years",0.00
1265,"Lamborghini Anejo Tequila",0.00
1266,"Lamborghini Blanco",0.00
1267,"Lamborghini Era  Umbria 750ml.",0.00
1268,"Lamborghini Luxe Rosso",0.00
1269,"Lambrusco Bianco Puianello",0.00
1270,"Lambrusco Reggiano Reunite",0.00
1271,"Laphroaig 10 Years",0.00
1272,"Laphroaig Four Oak",0.00
1273,"Laphroaig Px Cask",8500.00
1274,"Laphroaig Quarter Cask",0.00
1275,"Larios Gin",0.00
1276,"Lauders Whisky",0.00
1277,"Laurent Perrier Brut",0.00
1278,"Le Filou Grand Blanc",0.00
1279,"Le Filou Grand Rouge",0.00
1280,"Le Gemme Puianello White",0.00
1281,"Le Grand Noir Cabernet Sauvignon",0.00
1282,"Le Grand Noir Malbec",0.00
1283,"Le Grand Noir Merlot",0.00
1284,"Le Grand Noir Sauvignon Blanc",0.00
1285,"Le Sweet Filou Blanc",0.00
1286,"Le Sweet Filou Rose",0.00
1287,"Le Sweet Filou Rouge",0.00
1288,"Legende Medoc",0.00
1289,"Legende Saint Emilion",0.00
1290,"Leleshwa Chenin Blanc",1170.00
1291,"Leleshwa Merlot Shiraz",0.00
1292,"Leleshwa Rose",0.00
1293,"Leleshwa Sauvignon Blanc",0.00
1294,"Leleshwa Sweet Wine",0.00
1295,"Leleshwa Vodka",0.00
1296,"Lenotti Decus Bardolino Chiaretto Rose",0.00
1297,"Lenotti Recioto Valpolicella",0.00
1298,"Lenotti Soave Classico",0.00
1299,"Lenotti Valpolicella Classico Vino",0.00
1300,"Leopard Leap Sauvignon Blanc",1419.00
1301,"Leopard's Leap Cabernet Sauvignon-Merlot",0.00
1302,"Leopards leap Merlot",0.00
1303,"Les Haunts De Fontey Cinsault",0.00
1304,"Les Haunts De Fontey Sauvignon",0.00
1305,"Les Hauts De Fontey Merlot",0.00
1306,"Levantine Gin",0.00
1307,"Levantine Oak Aged Gin",0.00
1308,"Lillet Blanc",0.00
1309,"Lillet Rose",0.00
1310,"Lillet Rouge",0.00
1311,"Lime cordial",0.00
1312,"Liopart Brut Reserva",0.00
1313,"Liquid Gold prosecco",0.00
1314,"Lodez Cabernet Sauvignon",0.00
1315,"Lodez Merlot",0.00
1316,"Lodez Pinot Noir 750ml.",0.00
1317,"Lodez Sauvignon Blanc",0.00
1318,"Lombard Gold Label",0.00
1319,"London Hill Gin",0.00
1320,"Long Row sauvignon Blanc",0.00
1321,"Long row cabernet sauvignon",0.00
1322,"Long row shiraz",0.00
1323,"Los intocables Black Malbec",0.00
1324,"Loudenne Le Chateau Medec",0.00
1325,"Louis Jadot Brouilly",0.00
1326,"Louis Jadot Cote de Beaune Villages",0.00
1327,"Louis Jadot Fleurie",0.00
1328,"Louis Jadot Les Couchereaux Beaune ler Cru",0.00
1329,"Louis Jodot Chateau Des Jacques Morgon",0.00
1330,"Louis Max Beaujolais Villages",0.00
1331,"Louis Max Pinot Noir",0.00
1332,"Louis Max Pouilly Fuisse",0.00
1333,"Luis Felipe Edwards Shiraz Gran Reserva",0.00
1334,"Luksusowa Vodka",0.00
1335,"Lutzville Sauvignon Blanc",0.00
1336,"Luxardo Limoncello",0.00
1337,"Lyft Tropic Breeze Nicotine Pouches",0.00
1338,"Lyre's American Malt Non-Alcoholic 700ml",0.00
1339,"Lyre's Dry London  Non-Alcoholic Gin 700ml",0.00
1340,"M.Chapoutier Belleruche Cotes-du-Rhone-Red",0.00
1341,"M.Chapoutier Belleruche Cotes-du-Rhone-Rose",0.00
1342,"M.Chapoutier Belleruche Cotes-du-Rhone-White",0.00
29,"M.Chapoutier Cotes de Provence Grand Ferrage",0.00
30,"M.Chapoutier La Bernardine Chateauneuf du Pape",0.00
1343,"M.Chapoutier La Ciboise Luberon Blanc",0.00
1344,"M.Chapoutier La Ciboise Luberon Rouge",0.00
31,"M.Chapoutier Les Granilites Rouge Saint-Joseph",0.00
1345,"M.Chapoutier Petite Ruche Croze-Hermitage-White",0.00
1346,"M.Chapoutier Petite Ruche Crozes-Hermitage-Red",0.00
1347,"Macallan 12 Triple cask",0.00
1348,"Macallan 12 Years Double Cask",0.00
1349,"Macallan 15 Years",0.00
1350,"Macallan 18 years whisky",0.00
1351,"Macallan 25 years Old Sherry Oak",0.00
1352,"Macallan 30 years Double Cask",0.00
1353,"Macallan A Night on Earth",0.00
1354,"Macallan Amber",0.00
1355,"Macallan Estate Single Malt",0.00
1356,"Macallan Fine Oak",0.00
1357,"Macallan Harmony II Collection",0.00
1358,"Macallan Lumina",0.00
1359,"Macallan Quest",0.00
1360,"Macallan Rare Cask",36000.00
1361,"Macallan Reflexion",0.00
1362,"Macallan Sherry",0.00
1363,"Macallan oscuro",0.00
1364,"Mad Chimp No.9 Gin",0.00
1365,"Magic Moments Chocolate",0.00
1366,"Magic Moments Green Apple",0.00
1367,"Magic Moments Lemon",0.00
1368,"Magic Moments Lemon & ginger",0.00
1369,"Magic Moments Orange",0.00
1370,"Magic Moments Original",0.00
1371,"Magic Moments Raspberry",0.00
1372,"Magma Shock Hot Cinnamon",0.00
1373,"Maison Castel ice",0.00
1374,"Maker`s Mark",0.00
1375,"Makers Mark 46 Bourbon",0.00
1376,"Makers Mark Private Select",0.00
1377,"Malfy Gin Limone",0.00
1378,"Malfy Gin Originale",0.00
1379,"Malfy Gin Rosa",0.00
1380,"Malibu",0.00
1381,"Malvasia Bava Rose",0.00
1382,"Mandala Malbec 750ml.",0.00
1383,"Mandala Sweet White Wine",0.00
1384,"Manyatta Cider Beer",0.00
1385,"Manyatta Lemon & Ginger",0.00
1386,"Manyatta Mango & Ginger",0.00
1387,"Manyatta Pineapple Mint Beer",0.00
1388,"Mara Tamu Red",0.00
1389,"Mara Tamu Rose wine",0.00
1390,"Marani Kraveli Dry Red",0.00
1391,"Marani Mukuzani Dry Red",0.00
1392,"Marani Telavuri Medium Sweet White",0.00
1393,"Marani Tsinandali Dry White",0.00
1394,"Marani Tvishi Sweet White",0.00
1395,"Marchesi Barolo Ruvei",0.00
1396,"Marengo Sweet Sparklling Wine 750ml.",0.00
1397,"Marlboro Gold Ciggarrettes",0.00
1398,"Marlboro Red",0.00
1399,"Marques Caza Concha Chardonnay",0.00
1400,"Marques Caza Concha Merlot",0.00
1401,"Marques de Borba",0.00
1402,"Marquis de Mons Margaux",0.00
1403,"Marquis de Valbois Bordeaux 750ml.",0.00
1404,"Mars maltage cosmo",0.00
1405,"Marshall`s",0.00
1406,"Martel XO",0.00
1407,"Martell Blueswift",0.00
1408,"Martell Cordon Blue",0.00
1409,"Martell VS",0.00
1410,"Martell VSOP",0.00
1411,"Martini Bianco",0.00
1412,"Martini Fiero",0.00
1413,"Martini Prosecco",0.00
1414,"Martini Rosso",0.00
1415,"Martini Zero",0.00
1416,"Mateus Brut Rose",0.00
1417,"Mateus Rose`",0.00
1418,"Mateus Tempranillo Rose",0.00
1419,"Mbichwa Rolling paper",150.00
1420,"McDowell's No.1 Platinum Whisky",0.00
1421,"McDowell's No.1 Whisky",0.00
1422,"Mermaid Pink gin",0.00
1423,"Mermaid gin",0.00
1424,"Metaxa 5 Stars",0.00
1425,"Metaxa 7 Stars",0.00
1426,"Meukow VSOP",0.00
1427,"Meukow X.O",0.00
1428,"Michael David 6th Sense Syrah",0.00
1429,"Michael David Freakshow Cabernet Sauvignon",0.00
1430,"Michael David Freakshow Red wine",0.00
1431,"Michael David Incognito Red",0.00
1432,"Michael David Petite Petit",0.00
1433,"Michael David Sauvignon Blanc",0.00
1434,"Michel Torino Coleccion Cabernet Sauvignon",0.00
1435,"Michel Torino Coleccion Chardonnay",0.00
1436,"Michel Torino Coleccion Malbec",0.00
1437,"Michel Torino Coleccion Merlot",0.00
1438,"Michel Torino Coleccion Rose",0.00
1439,"Michel Torino Coleccion Sauvignon Blanc",0.00
1440,"Michel Torino Traditional Malbec",0.00
1441,"Michel Torino Traditional Torrontes",0.00
1442,"Mikado Red",0.00
1443,"Mikado White Wine",0.00
1444,"Milagro Anejo",0.00
1445,"Milagro Silver",0.00
1446,"Mistral Gin 700ml",0.00
1447,"Moet & Chandon 1.5litres",0.00
1448,"Moet & Chandon Imperial Brut",0.00
1449,"Moet & Chandon Imperial Ice",0.00
1450,"Moet & Chandon Imperial Rose",0.00
1451,"Moet & Chandon Nectar Imperial",0.00
1452,"Moet & Chandon Nectar Imperial Rose",0.00
1453,"Moillard Le Duche Bourgogne Chardonnay",0.00
32,"Moillard Le Duche Bourgogne Pinot Noir",0.00
1454,"Moillard Sous La Grotte Pouilly Fuisse",0.00
1455,"Monferrato Doc Chiaretto 2018 75cl",0.00
1456,"Monin Almond Syrup",0.00
1457,"Monin Apple Puree",0.00
1458,"Monin Blue Curacao Liqueur",0.00
1459,"Monin Blue Curacao Syrup",0.00
1460,"Monin Blueberry Puree",0.00
1461,"Monin Caramel Syrup",0.00
1462,"Monin Chocolate Cookies Syrup",0.00
1463,"Monin Chocolate Frappe",0.00
1464,"Monin Cloudy Lemonade Syrup",0.00
1465,"Monin Coconut Puree",0.00
1466,"Monin Coconut Syrup",0.00
1467,"Monin Cucumber Syrup",0.00
1468,"Monin Elderflower",0.00
1469,"Monin Elderflower Liqueur",0.00
1470,"Monin Falernum Syrup",0.00
1471,"Monin Green Mint Syrup",0.00
1472,"Monin Grenadine Syrup",0.00
1473,"Monin Hazelnut Syrup",0.00
1474,"Monin Hibiscus Syrup",0.00
1475,"Monin Kiwi Puree",0.00
1476,"Monin Lavender Syrup",0.00
1477,"Monin Lemon Tea Syrup",0.00
1478,"Monin Lime Puree",0.00
1479,"Monin Mango Puree",0.00
1480,"Monin Mojito Mint Syrup",0.00
1481,"Monin Passion Puree",0.00
1482,"Monin Peach Liqueur",0.00
1483,"Monin Peach Syrup",0.00
1484,"Monin Peach Tea Syrup",0.00
1485,"Monin Pineapple Puree",0.00
1486,"Monin Pop Corn Syrup",0.00
1487,"Monin Raspberry Puree",0.00
1488,"Monin Rose Syrup",0.00
1489,"Monin Ruby Grapefruit Puree",0.00
1490,"Monin Strawberry Puree",0.00
1491,"Monin Strawberry Syrup",0.00
1492,"Monin Sugar Cane Syrup",0.00
1493,"Monin Triple Sec Curacao Liqueur",0.00
1494,"Monin Vanilla Frappe",0.00
1495,"Monin Vanilla Syrup",0.00
1496,"Monin Watermelon Syrup",0.00
1497,"Monkey 47 Gin",0.00
1498,"Monkey Shoulder",0.00
1499,"Monster Assault",0.00
1500,"Monster Energy",0.00
1501,"Monster Energy  Uber",0.00
1502,"Monster Energy Absolutely Zero",0.00
1503,"Monster Energy Gronk",0.00
1504,"Monster Energy Import",0.00
1505,"Monster Energy Import Light",0.00
1506,"Monster Energy Lo Carb",0.00
1507,"Monster Energy Ultra Blue",0.00
1508,"Montecristo Cigars",0.00
1509,"Montezuma Aztec Tequila",0.00
1510,"Mortlach Single Malt 14 Years",0.00
1511,"Mortlach Single Malt 20 Years",0.00
1512,"Moscatel De Setubal",0.00
1513,"Mount Gay Black Barrel Barbados Rum",0.00
1514,"Mount Gay Eclipse",0.00
1515,"Mount Gay Silver",0.00
1516,"Mount Gay XO",0.00
1517,"Mount Hermon Rose",0.00
1518,"Mt. Hermon Moscato",0.00
1519,"Mucho Mas Gold",0.00
1520,"Mucho Mas Red",0.00
1521,"Mucho Mas Rose",0.00
1522,"Mucho mas Vino Blanco [white wine]",0.00
1523,"Mulderbosch Cabernet Sauvignon Rose",0.00
1524,"Mulderbosch Faithful Hound Red wine",0.00
1525,"Mulderbosch Sauvignon Blanc",0.00
1526,"Mumm Champagne Rouge Rose",0.00
1527,"Muratatu",0.00
1528,"Musgrave Gin",0.00
1529,"Musgrave Pink Gin",0.00
1530,"Myer`s Rum",0.00
1531,"Naked Malt Whisky",0.00
1532,"Namaqua Cask sweet white",0.00
1533,"Namaqua Red Dry",0.00
1535,"Namaqua Red Sweet",0.00
1534,"Namaqua Red Sweet",0.00
1536,"Namaqua Rose`",0.00
1537,"Namaqua Sweet White",0.00
1538,"Napoleon Gold Brandy",0.00
1539,"Nederburg Baronne",0.00
1540,"Nederburg Cabernet Sauvignon",0.00
1541,"Nederburg Chardonnay",0.00
1542,"Nederburg Chenin Blanc",0.00
1543,"Nederburg Cuvee Brut",0.00
1544,"Nederburg Late Harvest",1700.00
1545,"Nederburg Merlot",0.00
1546,"Nederburg Pinotage",0.00
1547,"Nederburg Rose",1200.00
1548,"Nederburg Sauvignon Blanc",1000.00
1549,"Nederburg Shiraz",0.00
1550,"Nederburg The Manor House",0.00
1551,"New Grove Cafe Liqueur",0.00
1552,"New Grove Silver",0.00
1553,"New Grove Spiced Rum",0.00
1554,"Nginious Aperitif Gin",0.00
1555,"Nginious Green Gin",0.00
1556,"Nginious Orange Gin",0.00
33,"Nginious Pink Gin",0.00
1557,"Nginious Summer Gin",0.00
1558,"Nginious Violet Gin",0.00
34,"Nginious Yellow Gin",0.00
1559,"Niaje (254 beers)",0.00
1560,"Niel Joubert Chenin Blanc 750ml",0.00
1561,"Niel Jourbet Cabernet Sauvignon",0.00
1562,"Nikka 12 years whisky",0.00
1563,"Nikka All Malt",0.00
1564,"Nikka Coffee Grain",0.00
1565,"Nikka Coffey Malt Whisky",0.00
1566,"Nikka Days",0.00
1567,"Nikka Pure Malt Taketsuru",0.00
1568,"Nikka Rare Old Super",0.00
1569,"Nikka Yoichi Single Malt",0.00
1570,"Noble Dry  Red 750ml.",0.00
1571,"O J 12% Beer",0.00
1572,"O J 16% Beer",0.00
1573,"Oak Cask",0.00
1574,"Oban Little Bay",0.00
1575,"Obolon Extra Strong 12%",0.00
1576,"Obolon Premium",0.00
1577,"Obolon Strong 8.6%",0.00
1578,"Oettinger Pils 4.7%",0.00
1579,"Oettinger Superforte 8.9%",0.00
1580,"Oettinger Weissbier 4.9%",0.00
1581,"Officer's Choice Blue Whisky",0.00
1582,"Officer's Choice Rare Whisky",0.00
1583,"Offley 10 Old Tawny Porto",0.00
1584,"Offley Reserva Forrester Port",0.00
1585,"Offley Ruby Porto",0.00
1586,"Offley Tawny Porto",0.00
1587,"Offley White Port",0.00
1588,"Old Forester Bourbon",0.00
1589,"Old Forester Signature Bourbon",0.00
1590,"Old Monk Rum",0.00
1591,"Old Monk The Legend",0.00
1592,"Old Smuggler",1100.00
1593,"Olepasu Red Wine",0.00
1594,"Olepasu Sweet White",0.00
1595,"Olmeca Anejo Extra Aged",0.00
1596,"Olmeca Dark Chocolate",0.00
1597,"Olmeca Extra Aged",0.00
1598,"Olmeca Fusion",0.00
1599,"Olmeca Gold",0.00
1600,"Olmeca Silver",0.00
1601,"Olmeca Tezon Blanco",0.00
1602,"Only Gin",0.00
1603,"Opihr Arabian Edition Gin",0.00
1604,"Organic Hemp Rolling Paper",0.00
1605,"Overmeer Dry Red",0.00
1606,"Overmeer Late Harvest",0.00
1607,"Overmeer White Dry",0.00
1608,"Oyster Bay Sparkling Cuvee Rose",0.00
1609,"PE Branco-Wine",0.00
1610,"Pablo Ice Cold",0.00
1611,"Pablo Nicotine Pouches",0.00
1612,"Pacheco Pereda Malbec",0.00
1613,"Paddy Irish Whisky",0.00
1614,"Painted Wolf The Den Pinotage",0.00
1615,"Panache Artisanal Mojito Srup",0.00
35,"Papillon Chardonnay Pinot Noir",0.00
1616,"Parker Favourite Son Cabernet Sauvignon",0.00
1617,"Parker Favourite Son Chardonnay",0.00
1618,"Parker Favourite Son Shiraz",0.00
1619,"Passion Fruit Liqueur",0.00
1620,"Passport Scotch Whisky",0.00
1621,"Patron Anejo Tequila",0.00
1622,"Patron Citronge Mango Liqueur",0.00
1623,"Patron Citronge Orange Liqueur",0.00
1624,"Patron Reposado",0.00
1625,"Patron Reposado",0.00
1626,"Patron Roca Silver",0.00
1627,"Patron Silver Tequila",0.00
1628,"Patron XO Cafe",0.00
1629,"Patron Xo Cafe Dark Cocoa",0.00
1630,"Paul Cluver Elgin Riesling",0.00
1631,"Paul Cluver Estate Chardonnay",0.00
1632,"Paul Cluver Estate Pinot Noir",0.00
1633,"Paz Nicotine Pouches",0.00
1634,"Pear Tree Chenin Blanc",0.00
1635,"Pearly Bay Sweet White 750ml.",0.00
1636,"Pepe Lopez Gold Tequila",0.00
1637,"Perle Noir Crémant d'Alsace",0.00
1638,"Pernod",0.00
1639,"Peroni",0.00
1640,"Perrier Jouet",0.00
1641,"Peter Vella Merlot",0.00
1642,"Pierlant Brut 750ml.",0.00
1643,"Pierre Marcel Rose",0.00
1644,"Pierre Marcel Sweet Red",0.00
1645,"Pierre Marcel White",0.00
1646,"Pilsner lager",0.00
1647,"Pimm`s",0.00
1648,"Pink 47 Gin",0.00
1649,"Piper Heidesieck",0.00
1650,"Piper Heidesieck Rose",0.00
1651,"Piper`s Clan",0.00
1652,"Pitars Prosecco Doc Extra Dry",0.00
1653,"Plantation Rum 69%",0.00
1654,"Plymouth Navy Strength Gin",0.00
1655,"Poeti Prosecco",0.00
1656,"Ponchos Blanco",0.00
1657,"Ponchos Caramel Infusion (liqueur)",0.00
1658,"Ponchos Chilli Choc (liqueur)",0.00
1659,"Porto Cruz 10 Years",0.00
1660,"Porto Cruz Blanc",0.00
1661,"Porto Cruz Madere",0.00
1662,"Porto Cruz Pink",0.00
1663,"Porto Cruz Ruby",0.00
1664,"Porto Cruz Special Reserve",0.00
1665,"Porto Cruz Tawny",0.00
1666,"Procera Blue Dot",0.00
1667,"Procera Red Dot",0.00
1668,"Proper No.Twelve whisky",0.00
1669,"Quintas Dos Murcas 10 Years Old Tawny Porto",0.00
1670,"Rada Premium Vodka",0.00
1671,"Rampur Asava Whisky",0.00
1672,"Rampur Barrel Blush",0.00
1673,"Rampur Double Cask Whisky",0.00
1674,"Rampur PX Sherry Single Malt Whisky",0.00
1675,"Rampur Single Malt Whisky",0.00
1676,"Raymond Huet Bordeaux",0.00
1677,"Raymond Huet Bordeaux Merlot Cabernet sauvignon",0.00
1678,"Raynal Vsop Brandy",0.00
1679,"Red Army Vodka",25000.00
1680,"Red Label 750ml",0.00
1681,"Red Muscadel",0.00
1682,"Red Reaper Nicotine Pouch",0.00
1683,"Red stag",0.00
1684,"Redbull Energy Drink 250ml",0.00
1685,"Refillable Gas Lighter",0.00
1686,"Reki Blended Whisky",0.00
1687,"Remy Martin 1738 Accord Royal",0.00
1688,"Remy Martin Louis XIII",0.00
1689,"Remy Martin`s XO",0.00
1690,"Remy Martins VSOP",0.00
1691,"Reserva Malbec",0.00
1692,"Ribshack Red",0.00
1693,"Ricard",0.00
1694,"Richot Brandy 750ml",0.00
1695,"Riesling Cuvee Louis Klipfel",0.00
1696,"Rio A'nejo Tempranillo Merlot 75cl",0.00
1697,"Robertson Rose`",0.00
1698,"Robertson White",0.00
1699,"Robertson winery sparkling wine",0.00
1700,"Robertson`s Sweet Red",0.00
1701,"Rocca dei Forti Red Wine",0.00
1702,"Roku Gin",0.00
1703,"Ron Zacapa Centenario 23",0.00
1704,"Rooiberg Cabernet Sauvignon Merlot 2024",0.00
1705,"Rose d'Argent Strawberry Gin",0.00
1706,"Rosso Nobile Bubbly",1300.00
1707,"Rosso Nobile Cherry",0.00
1708,"Rosso Nobile Cioccolata",0.00
1709,"Rosso Nobile Espresso Nero",0.00
1710,"Rosso Nobile Nocciola",0.00
1711,"Rothmans King",0.00
1712,"Rothmans Switch",0.00
1713,"Rough Rider Condoms",0.00
1714,"Royal Circle Premium Whisky",0.00
1715,"Royal Dutch Beer",0.00
1716,"Royal Salute 21 Years Sapphire Flagon",0.00
1717,"Ruhr Gold",0.00
1718,"Rupert & Rothschild Baron Edmond",0.00
1719,"Rupert & Rothschild Baroness Nadine Chardonnay",0.00
1720,"Rupert & Rothschild Classique",0.00
1721,"Russian Standard Gold Vodka",0.00
1722,"Sadko Vodka",0.00
1723,"Safari Lemonade",0.00
1724,"Safari Rare Whisky",0.00
1725,"Saint Anna White wine",0.00
1726,"Sakurao Limited Gin",0.00
1727,"Samantha Rose Wine",0.00
1728,"Samantha Sweet Red",0.00
1729,"Samantha Sweet White",0.00
1730,"San Felipe Caramagnola Rose De Malbec",0.00
1731,"San-pellegrino Aranciata  can",0.00
1732,"SandTrap IPA beer",0.00
1733,"Sandara Moscato Premium White",0.00
1734,"Sandara Sangria",0.00
1735,"Sandara White Mojito",0.00
1736,"Sandeman 10yrs-Old Tawny",0.00
1737,"Sandeman Fine Ruby Port Wine",0.00
1738,"Sandeman Fine Tawny Port Wine",0.00
1739,"Sandeman LBV Porto",0.00
1740,"Sandeman Porto Fine White",0.00
1741,"Sandeman Porto Founder's Reserve",0.00
1742,"Santa Cristina Umbria IGT",0.00
1743,"Saronsberg Earth In Motion",0.00
36,"Saronsberg Full Circle",0.00
37,"Saronsberg Provenance shiraz",0.00
38,"Saronsberg Shiraz Rose",0.00
1744,"Sauza Tequila Silver",0.00
1745,"Savanna Angry Lemon Premium Cider",0.00
1746,"Savanna Cider",0.00
1747,"Schweppes C+",100.00
1748,"Schweppes Ginger Ale",99.00
1749,"Schweppes Tonic Water",0.00
1750,"Seagramm`s",0.00
1751,"Sexton Single Malt",0.00
1752,"Shackleton Blended Malt",0.00
1753,"Sharish Blue Magic",0.00
1754,"Sheridann`s Liqueur",0.00
1755,"Sidekick Cookies & Cream",0.00
1756,"Sidekick Toffee Caramel",0.00
39,"Sierra Antiguo Anejo Tequila",0.00
1757,"Sierra Gold",0.00
1758,"Sierra Margarita",0.00
1759,"Sierra Silver",0.00
1760,"Signore Giuseppe Lambrusco Bianco Amabile 75cl.",0.00
1761,"Signore Giuseppe Lambrusco Rosato Amabile 75cl.",0.00
1762,"Signore Giuseppe Moscato Rose",0.00
1763,"Signore Giuseppe Moscato White",0.00
1764,"Signore Giuseppe Prosecco Spumante Rose",0.00
1765,"Signore Giuseppe Prosecco Spumante White",0.00
1766,"Sikera Apple Cider",0.00
1767,"Silent Pool Gin",0.00
1768,"Simonsig Cabernet Sauvignon",0.00
1769,"Simonsig Cabernet Sauvignon Merlot",0.00
1770,"Simonsig Cabernet Sauvignon Shiraz",0.00
1771,"Simonsig Chenin Blanc",2500.00
1772,"Simonsig Kaapse Vonkel Brut",4500.00
1773,"Simonsig Pinotage",2500.00
1774,"Simonsig Satin Nectar Rose",0.00
1775,"Simonsig Sauvignon Blanc",2200.00
1776,"Simonsig Sauvignon Blanc Semilion",1699.00
1777,"Simonsig Semi Sweet",2200.00
1778,"Simonsig Shiraz",2200.00
1779,"Simonsig Vin de Liza",4200.00
1780,"Singleton 12 Yrs Luscious Nectar",5600.00
1781,"Singleton 15 Years",7200.00
1782,"Singleton 18 Years",0.00
1783,"Singleton Luscious Nectar",0.00
1784,"Singleton Sunray",3570.00
1785,"Singleton Tailfire",0.00
1786,"Sipsmith London Gin",0.00
1787,"Sir Edward Smoky Whisky",0.00
1788,"Sir Edwards Whisky",1247.00
1789,"Six Dogs Blue Gin",0.00
1790,"Sky Dot 3 Nicotine Pouches Mango",0.00
1791,"Sky Nicotine Pouches Mint",0.00
1792,"Sky Nicotine Pouches Passion",0.00
1793,"Skyy 90",0.00
1794,"Skyy Vodka",0.00
1795,"Smirnoff Black ice",0.00
1796,"Smirnoff Blue Label",0.00
1797,"Smirnoff Espresso",0.00
1798,"Smirnoff Gold",0.00
1799,"Smirnoff Green Apple",0.00
1800,"Smirnoff Guarana",0.00
1801,"Smirnoff Ice Pineapple Punch",0.00
1802,"Smirnoff Orange",1800.00
1803,"Smirnoff Raspberry",0.00
1804,"Smirnoff Vodka",0.00
1805,"Smirnoff Vodka Red",0.00
1806,"Snapp",0.00
1807,"Sobieski Vodka",0.00
1808,"Soda Water",80.00
1809,"Solo Aviator Gin",0.00
1810,"Solo X Blackcurrant Lemon",0.00
1811,"Solo X Grape Ice",0.00
1812,"Solo X Tropical",0.00
40,"Soupcon de Fruit Rose D'Anjou",0.00
41,"Soupcon de Fruit Rose de Loire",0.00
1813,"Southern Comfort",0.00
1814,"Southern Comfort Black",0.00
1815,"Southern Comfort Lime",0.00
1816,"Southern comfort 750ml",2000.00
1817,"Spier Sauvignon Blanc",0.00
1818,"Spirytus Vodka",0.00
1819,"Sprite",0.00
1820,"Spytail Black Rum",0.00
1821,"St Celine",0.00
1822,"St Remy VSOP",0.00
1823,"St Remy XO",1500.00
1824,"St Rhys Napoleon Brandy",0.00
1825,"Star Chaser Red Wine",0.00
1826,"Star of Bombay Gin",0.00
1827,"Stella Artois Beer",0.00
1828,"Stellenbosch Vineyards Bushvine Chenin Blanc",0.00
1829,"Stellenbosch Vineyards Bushvine Pinotage",0.00
42,"Stellenbosch Vineyards Cabernet Sauvignon",0.00
1830,"Stellenbosch Vineyards Sauvignon Blanc",0.00
43,"Stellenbosch Vineyards Shiraz",0.00
1831,"Stirling Gin",0.00
1832,"Stoney Tangawizi Zero 1litre",0.00
1833,"Storm Nicotine Mango",0.00
1834,"Storm Nicotine Mint Flavour",0.00
1835,"Storm Nicotine Pouch Tropical",0.00
1836,"Strandveld Syrah",0.00
44,"Strandveld The Navigator",0.00
1837,"Stranger Sons Gin",0.00
1838,"Strawberry Lips",0.00
1839,"Stretton Dry Gin",0.00
1840,"Stretton's Triple Berry",0.00
1841,"Stretton`s Wild Berry",0.00
1842,"Stroh 80% Rum",0.00
1843,"Sugar Baby Sweet White",0.00
1844,"Sugar Daddy Sweet Red",0.00
1845,"Summit Lager",0.00
1846,"Summit Malt",0.00
1847,"Suntory Kakubin",0.00
1848,"Suntory Old Whisky",0.00
1849,"Suntory Roku Gin",0.00
1850,"Suntory Royal Whisky",0.00
1851,"Suntory Special Reserve Whisky",0.00
1852,"Suntory Toki",0.00
1853,"Swartland  Merlot",0.00
1854,"Swartland Cuvee Brut",0.00
1855,"Sweet Honey Rose",0.00
1856,"Sweet Lips Red",0.00
1857,"Sweet Lips White Wine",0.00
1858,"T1 Reposado",0.00
1859,"T1 Tequila Blanco",0.00
1860,"Taittinger Brut Reserve",0.00
1861,"Taittinger Prestige Rose",0.00
1862,"Talisker 10 Years Whisky",0.00
1863,"Talisker 18 Years",0.00
1864,"Talisker Storm",0.00
1865,"Tall Horse Cabernet Sauvignon 750ml",0.00
1866,"Tall Horse Shiraz 750ml.",0.00
1867,"Tall horse pinotage rose wine",0.00
1868,"Tamnavulin Double Cask Whisky",0.00
1869,"Tanduay Double Rum",0.00
1870,"Tango sour apple",0.00
1871,"Tann's Gin",0.00
1872,"Tanqueray ABV 0.0 750ml",0.00
1873,"Tanqueray Blackcurrant Royale Gin ABV 41.3% 750ML",0.00
1874,"Tanqueray Gin",0.00
1875,"Tanqueray Grapefruit No.10",0.00
1876,"Tanqueray Lovage",0.00
1877,"Tanqueray Malacca Gin",0.00
1878,"Tanqueray No.10 750ml",0.00
1879,"Tanqueray No.10 ABV 47.3%",0.00
1880,"Tanqueray Rangpur Gin",0.00
1881,"Tanqueray Sevilla",0.00
1882,"Taylor's  Reserve Port Wine",0.00
1883,"Taylor's Fine White Port",0.00
1884,"Taylor's LBV",0.00
1885,"Teacher`s Whisky",0.00
1886,"Teperberg Sweet Red Moscato 750ml.",0.00
1887,"Tequila 1800 Anejo",0.00
1888,"Tequila 1800 Coconut",0.00
1889,"Tequila 1800 Reposado",0.00
1890,"Tequila 1800 Silver",0.00
1891,"Tequila Cenote Blanco",0.00
1892,"Tequila Ley 925",0.00
1893,"Tequila Rose",0.00
1894,"Tequila Sauza Gold",0.00
1895,"Terea Bronze",0.00
1896,"Teremana Anejo Tequila",0.00
1897,"Teremana Blanco Tequila",0.00
1898,"Teremana Reposado Tequila",0.00
1899,"Terra Argentina Malbec wine",0.00
1900,"Terra Linda Syrah",0.00
1901,"Terrazas Malbec",0.00
2080,"Test-Loc",0.00
2081,"Test-Loc",0.00
1902,"The Ardmore",0.00
1903,"The Black Grouse Alpha Edition",0.00
1904,"The Botanist Dry Gin",0.00
1905,"The Chocolate block",0.00
1906,"The Guv'nor Red Wine",0.00
1907,"The Guv'nor VIP Red",0.00
1908,"The Guv'nor white Vino Blanco 75cl",0.00
1909,"The Macallan Select Oak",0.00
1910,"Thomas Dakin Small Batch Gin",0.00
1911,"Three Barrels VSOP",0.00
1912,"Tia Maria",0.00
1913,"Tijuana Sweet Heat",0.00
1914,"Tilia Cabernet Sauvignon",0.00
1915,"Tilia Chardonnay",0.00
1916,"Tilia Malbec",0.00
1917,"Tito's Handmade Vodka",0.00
1918,"Tocornal by Cono Sur Cabernet Sauvignon",0.00
1919,"Tocornal by Cono Sur Chardonnay Blanc",0.00
1920,"Tocornal by Cono Sur Merlot",0.00
1921,"Tocornal by Cono Sur Sauvignon Blanc",0.00
1922,"Tomatin Highland Single Malt",0.00
1923,"Tommasi Amarone",0.00
1924,"Tommasi Bardolino",0.00
1925,"Tommasi Merlot",0.00
1926,"Tommasi Pinot Grigio",0.00
1927,"Tommasi Ripasso",0.00
1928,"Tommasi Valpolicella",0.00
1929,"Tons de Duorum Red",0.00
1930,"Tons de Duorum Rose",0.00
1931,"Tons de Duorum White",0.00
1932,"Trumpeter Malbec",0.00
1933,"Tuborg Lager Beer",0.00
1934,"Tugboat Lemon Grapefruit",0.00
1935,"Tugboat Lush Ice Vape",0.00
1936,"Tugboat Mesh Coil Green Apple Ice",0.00
1937,"Tugboat Mesh Coil Guava Blue Razz",0.00
1938,"Tugboat Mesh Coil Hawaiian Fruit",0.00
1939,"Tugboat Mesh Coil Red Energy",0.00
1940,"Tugboat Strawberry Watermelon Vape",0.00
1941,"Tugboat Vape Grape Ice",0.00
1942,"Tullamore Dew",0.00
1943,"Tusker Cider",200.00
1944,"Tusker Lager",0.00
1945,"Tusker Lite",0.00
1946,"Tusker Malt",0.00
1947,"Tusker Ndimu",0.00
1948,"Underberg Bitters",0.00
1949,"Upper Valley Dry Red",0.00
1950,"Upper Valley Dry White",0.00
1951,"Upper Valley Sweet Red",0.00
1952,"Upper Valley Sweet White",0.00
1953,"VAT 69",0.00
1954,"Valdouro Ruby Porto",0.00
1955,"Vazo Ice Grape Vape",0.00
1956,"Vazo Ice Super Mint",0.00
1957,"Vazo Pineapple Mint vape",0.00
1958,"Vazo ice Mango Vape",0.00
1959,"Vazo-Ice-Passion-Fruit",0.00
1960,"Velo Icy Berries",0.00
1961,"Velo Indigo Blue Strength 3 Nicotine Pouches",0.00
1962,"Velo Jade Green Strength 3 Nicotine Pouches",0.00
1963,"Velo Lime Flame",0.00
1964,"Velo Mango Flame",0.00
1965,"Velo Max Freeze",950.00
1966,"Velo Mighty Peppermint",0.00
1967,"Velo Peppermint Storm",0.00
1968,"Velo Polar Mint Nicotine Pouches",0.00
1969,"Ventisquero Grey Glacier Merlot",0.00
1970,"Vergelegen Cab Sauv Merlot",0.00
1971,"Vergelegen Sauvignon Blanc",1500.00
1972,"Versus Red Wine",0.00
1973,"Versus Red Wine Twin Pack",0.00
1974,"Veuve Ambal Brut",1700.00
1975,"Veuve Ambal Cremant",0.00
1976,"Veuve Ambal cuvee rose",0.00
1977,"Veuve Clicquot Brut",9000.00
1978,"Veuve Clicquot Grand Dame Brut",0.00
1979,"Veuve Clicquot Rose",0.00
1980,"Viceroy",0.00
1981,"Viceroy 10 Years",0.00
1982,"Victoria's Stag",0.00
1983,"Vilaveroni Prosecco",0.00
1984,"Villiger Export",0.00
1985,"Villiger Premium No 7 sumatra",0.00
1986,"Villiger no 1 Sumatra",0.00
1987,"Vina Maipo Cabernet sauvignon",0.00
1988,"Vina Maipo Sauvignon Blanc",0.00
1989,"Virginia Black",0.00
1990,"Vondeling Chenin Blanc 2023 750ml",0.00
1991,"Vondeling Merlot",0.00
1992,"Vondeling Rose",0.00
1993,"Vondeling Sauvignon Blanc",0.00
1994,"Waiter`s Friend Cork Screw",0.00
1995,"Wave Dancer white wine",0.00
1996,"WeTop Rolling Paper",0.00
45,"Welmoed Cabernet Sauvignon",800.00
46,"Welmoed Chardonnay",0.00
47,"Welmoed Chenin Blanc",0.00
48,"Welmoed Merlot",0.00
49,"Welmoed Pinot Grigio",0.00
50,"Welmoed Pinotage",0.00
51,"Welmoed Rosé",0.00
52,"Welmoed Sauvignon Blanc",0.00
53,"Welmoed Shiraz",1320.00
1997,"Whisky Flask",0.00
1998,"White Walker Whiskey",0.00
1999,"Whitecap",0.00
2000,"Whitecap Crisp Can",0.00
2001,"Whitewalker 1litre",0.00
2002,"Whitley Neil Aloe & Cucumber Gin",0.00
2003,"Whitley Neil Blackberry Gin",0.00
2004,"Whitley Neil Blood Orange",0.00
2005,"Whitley Neil Gooseberry",0.00
2006,"Whitley Neil Parma Violet Gin",0.00
2007,"Whitley Neil Quince Gin",0.00
2008,"Whitley Neil Raspberry",0.00
2009,"Whitley Neill Gin",0.00
2010,"Whytehall Fire",1350.00
2011,"Whytehall Honey",1350.00
2012,"Wild Turkey 101",0.00
2013,"Wild Turkey Bourbon Whisky",0.00
2014,"Wild Turkey Longbranch",0.00
2015,"Wilderer Fynbos Gin",0.00
2016,"Wilderer Rose Water Gin",0.00
2017,"William Lawson 750ml",1800.00
2018,"William Lawson Can",0.00
2019,"William Lawsons",0.00
2020,"Windhoek Draught",0.00
2021,"Windhoek Lager",0.00
2022,"Winged Butterfly Cork Screw",0.00
2023,"Wolf Blass Eaglehawk Chardonnay",0.00
2024,"Wolf Blass Eaglehawk Cuvée Brut",0.00
2025,"Wolf Blass Eaglehawk Merlot",0.00
2026,"Wolf Blass Eaglehawk Sauvignon Blanc",0.00
2027,"Wolf Blass Eaglehawk Shiraz Merlot Cabernet",0.00
2028,"Woodford Reserve",0.00
2029,"Woodford Reserve Double Oak",0.00
2030,"Woosh Blue Razz",0.00
2031,"Woosh Fresh Lychee",0.00
2032,"Woosh Vape Australian  Mango",0.00
2033,"Woosh Vape Caramel Hazelnut",0.00
2034,"Woosh Vape Chilly Lemon Soda",0.00
2035,"Woosh Vape Chizi Mint Vape",0.00
2036,"Woosh Vape Dawa Cocktail",0.00
2037,"Woosh Vape Frost Apple",0.00
2038,"Woosh Vape Ice Sparkling Orange",0.00
2039,"Woosh Vape Ice Watermelon Bliss",0.00
2040,"Woosh Vape Kiwi Dragon Strawberry Blend",0.00
2041,"Woosh Vape Peach Mirage",0.00
2042,"Woosh Vape Pineapple Mango Mint Gold Puffs",0.00
2043,"Woosh Vape Strawberry Icecream",0.00
2044,"Woosh Vape Sun Kissed Grape",0.00
2045,"Yamazaki 12 Year Old",0.00
2046,"Yamazaki Distiller`s Reserve",0.00
2047,"Yuoto Blueberry Ice",0.00
2048,"Yuoto Mint Ice",0.00
2049,"Yuoto Thanos",1000.00
2050,"Yuoto Vape Passion Fruit",0.00
2051,"ZMR Absolute Sprite Vape",0.00
2052,"ZMR Fizzy Orange Vape",0.00
2053,"ZMR Grapefruit Vape",0.00
2054,"ZMR Hazelnut Cream Vape",0.00
2055,"ZMR Iced Cola Vape",0.00
2056,"ZMR Kiwano Melon Vape",0.00
2057,"ZMR Mango Royale Vape",0.00
2058,"ZMR Miami Mint Vape",0.00
2059,"ZMR Passion Fruit Vape",0.00
2060,"ZMR Redbull Vape",0.00
2061,"Zafiro Premium Gin",0.00
2062,"Zapallares Cabernet Sauvignon",0.00
2063,"Zapallares Cabernet Sauvignon",0.00
2064,"Zapallares Merlot",0.00
2065,"Zapallares Sauvignon Blanc",0.00
2066,"Zappa Sambuca  Blue",0.00
2067,"Zappa Sambuca Black",0.00
2068,"Zappa Sambuca White",0.00
2069,"Zappa-Green",0.00
2070,"Zappa-Red",0.00
2071,"Zonin Prosecco Cuvee Brut",0.00
2072,"Zuccardi Brazos Malbec",2300.00
2073,"`Stelleinrust chenin blanc brut",0.00
2074,"bacardi-anejo-cuatro",0.00
2075,"culemborg cape white wine",0.00
2076,"labrune Et Fils Pinot Noir",0.00
2077,"upper valley dry red 750ml",0.00
